{
	"milk": [{
		"FuncLoc": "RJ-B-ARC-CEN",
		"Sum of Stock Material": "15186.00",
		"Sum of Ext Material": "13051.00",
		"Sum of Labor": "260.00",
		"Sum of Services": "0.00",
		"Sum of Oth": "321.00",
		"TOTAL": "28818.00"
	}, {
		"FuncLoc": "RJ-B-ARC-EST",
		"Sum of Stock Material": "6322.00",
		"Sum of Ext Material": "839874.00",
		"Sum of Labor": "60.00",
		"Sum of Services": "4857.79",
		"Sum of Oth": "56.00",
		"TOTAL": "851169.79"
	}, {
		"FuncLoc": "RJ-B-ARC-EST-SI02",
		"Sum of Stock Material": "751.00",
		"Sum of Ext Material": "245.00",
		"Sum of Labor": "80.00",
		"Sum of Services": "0.00",
		"Sum of Oth": "183.00",
		"TOTAL": "1259.00"
	}, {
		"FuncLoc": "RJ-B-ARC-PAV",
		"Sum of Stock Material": "16585.00",
		"Sum of Ext Material": "7344.00",
		"Sum of Labor": "1170.00",
		"Sum of Services": "0.00",
		"Sum of Oth": "275.00",
		"TOTAL": "25374.00"
	}, {
		"FuncLoc": "RJ-B-ARC-PAV-SI02",
		"Sum of Stock Material": "16588.00",
		"Sum of Ext Material": "8427.00",
		"Sum of Labor": "650.00",
		"Sum of Services": "0.00",
		"Sum of Oth": "270.00",
		"TOTAL": "25935.00"
	}, {
		"FuncLoc": "RJ-B-BOM-EST",
		"Sum of Stock Material": "16979.00",
		"Sum of Ext Material": "11495.00",
		"Sum of Labor": "100.00",
		"Sum of Services": "0.00",
		"Sum of Oth": "123.00",
		"TOTAL": "28697.00"
	}, {
		"FuncLoc": "RJ-B-BOM-PAV",
		"Sum of Stock Material": "16033.00",
		"Sum of Ext Material": "16326.00",
		"Sum of Labor": "60.00",
		"Sum of Services": "0.00",
		"Sum of Oth": "360.00",
		"TOTAL": "32779.00"
	}, {
		"FuncLoc": "RJ-B-CAP-EST",
		"Sum of Stock Material": "75016.00",
		"Sum of Ext Material": "2376535.00",
		"Sum of Labor": "910.00",
		"Sum of Services": "0.00",
		"Sum of Oth": "1,069.00",
		"TOTAL": "2453530.00"
	}, {
		"FuncLoc": "RJ-B-CAP-PAV",
		"Sum of Stock Material": "51131.00",
		"Sum of Ext Material": "36311.00",
		"Sum of Labor": "1170.00",
		"Sum of Services": "0.00",
		"Sum of Oth": "370.00",
		"TOTAL": "88982.00"
	}, {
		"FuncLoc": "RJ-B-CAP-PAV-LBLQ-BL20",
		"Sum of Stock Material": "952.00",
		"Sum of Ext Material": "62.00",
		"Sum of Labor": "50.00",
		"Sum of Services": "0.00",
		"Sum of Oth": "213.00",
		"TOTAL": "1277.00"
	}, {
		"FuncLoc": "RJ-B-CAP-PAV-RCK1",
		"Sum of Stock Material": "17222.00",
		"Sum of Ext Material": "18845.00",
		"Sum of Labor": "60.00",
		"Sum of Services": "0.00",
		"Sum of Oth": "0.00",
		"TOTAL": "36127.00"
	}, {
		"FuncLoc": "RJ-B-ECR-EST-ER01",
		"Sum of Stock Material": "18465.00",
		"Sum of Ext Material": "12143.00",
		"Sum of Labor": "60.00",
		"Sum of Services": "0.00",
		"Sum of Oth": "5.00",
		"TOTAL": "30673.00"
	}, {
		"FuncLoc": "RJ-B-ECR-EST-ER02",
		"Sum of Stock Material": "32452.00",
		"Sum of Ext Material": "10345.00",
		"Sum of Labor": "150.00",
		"Sum of Services": "0.00",
		"Sum of Oth": "548.00",
		"TOTAL": "43495.00"
	}, {
		"FuncLoc": "RJ-B-ECR-EST-ER03",
		"Sum of Stock Material": "15189.00",
		"Sum of Ext Material": "7377.00",
		"Sum of Labor": "60.00",
		"Sum of Services": "0.00",
		"Sum of Oth": "308.00",
		"TOTAL": "22934.00"
	}, {
		"FuncLoc": "RJ-B-ECR-EST-ER04",
		"Sum of Stock Material": "18109.00",
		"Sum of Ext Material": "15925.00",
		"Sum of Labor": "60.00",
		"Sum of Services": "0.00",
		"Sum of Oth": "195.00",
		"TOTAL": "34289.00"
	}, {
		"FuncLoc": "RJ-B-ECR-EST-ER05",
		"Sum of Stock Material": "45567.00",
		"Sum of Ext Material": "9990.00",
		"Sum of Labor": "310.00",
		"Sum of Services": "0.00",
		"Sum of Oth": "462.00",
		"TOTAL": "56329.00"
	}, {
		"FuncLoc": "RJ-B-ECR-EST-ER06",
		"Sum of Stock Material": "165.00",
		"Sum of Ext Material": "1915102.00",
		"Sum of Labor": "160.00",
		"Sum of Services": "5504.59",
		"Sum of Oth": "64.00",
		"TOTAL": "1920995.59"
	}, {
		"FuncLoc": "RJ-B-ECR-EST-ER07",
		"Sum of Stock Material": "144.00",
		"Sum of Ext Material": "1237365.00",
		"Sum of Labor": "40.00",
		"Sum of Services": "3809.08",
		"Sum of Oth": "130.00",
		"TOTAL": "1241488.08"
	}, {
		"FuncLoc": "RJ-B-ECR-EST-ER08",
		"Sum of Stock Material": "543.00",
		"Sum of Ext Material": "1844397.00",
		"Sum of Labor": "100.00",
		"Sum of Services": "0.00",
		"Sum of Oth": "48.00",
		"TOTAL": "1845088.00"
	}, {
		"FuncLoc": "RJ-B-ECR-EST-ER09",
		"Sum of Stock Material": "345.00",
		"Sum of Ext Material": "1277226.00",
		"Sum of Labor": "60.00",
		"Sum of Services": "0.00",
		"Sum of Oth": "34.00",
		"TOTAL": "1277665.00"
	}, {
		"FuncLoc": "RJ-B-ECR-EST-ER10",
		"Sum of Stock Material": "345.00",
		"Sum of Ext Material": "1997161.00",
		"Sum of Labor": "80.00",
		"Sum of Services": "0.00",
		"Sum of Oth": "301.00",
		"TOTAL": "1997887.00"
	}, {
		"FuncLoc": "RJ-B-ECR-EST-ER10-HIDR",
		"Sum of Stock Material": "2750.00",
		"Sum of Ext Material": "0.00",
		"Sum of Labor": "2750.00",
		"Sum of Services": "0.00",
		"Sum of Oth": "10230.00",
		"TOTAL": "15730.00"
	}, {
		"FuncLoc": "RJ-B-ECR-PAV-ER01",
		"Sum of Stock Material": "42475.00",
		"Sum of Ext Material": "5525.00",
		"Sum of Labor": "1500.00",
		"Sum of Services": "0.00",
		"Sum of Oth": "9350.00",
		"TOTAL": "58850.00"
	}, {
		"FuncLoc": "RJ-B-ECR-PAV-ER02",
		"Sum of Stock Material": "8374.00",
		"Sum of Ext Material": "658945.00",
		"Sum of Labor": "180.00",
		"Sum of Services": "4641.51",
		"Sum of Oth": "47.00",
		"TOTAL": "672187.51"
	}, {
		"FuncLoc": "RJ-B-ECR-PAV-ER03",
		"Sum of Stock Material": "5395.00",
		"Sum of Ext Material": "656457.00",
		"Sum of Labor": "100.00",
		"Sum of Services": "5186.10",
		"Sum of Oth": "254.00",
		"TOTAL": "667392.10"
	}, {
		"FuncLoc": "RJ-B-ECR-PAV-ER04",
		"Sum of Stock Material": "198684.00",
		"Sum of Ext Material": "140568.00",
		"Sum of Labor": "1440.00",
		"Sum of Services": "0.00",
		"Sum of Oth": "3528.00",
		"TOTAL": "344220.00"
	}, {
		"FuncLoc": "RJ-B-ECR-PAV-ER05",
		"Sum of Stock Material": "213864.00",
		"Sum of Ext Material": "102912.00",
		"Sum of Labor": "1080.00",
		"Sum of Services": "0.00",
		"Sum of Oth": "2544.00",
		"TOTAL": "320400.00"
	}, {
		"FuncLoc": "RJ-B-ECR-PAV-ER06",
		"Sum of Stock Material": "887536.00",
		"Sum of Ext Material": "861016.00",
		"Sum of Labor": "3120.00",
		"Sum of Services": "0.00",
		"Sum of Oth": "7228.00",
		"TOTAL": "1758900.00"
	}, {
		"FuncLoc": "RJ-B-ECR-PAV-ER07",
		"Sum of Stock Material": "1457.00",
		"Sum of Ext Material": "128.00",
		"Sum of Labor": "40.00",
		"Sum of Services": "0.00",
		"Sum of Oth": "170.00",
		"TOTAL": "1795.00"
	}, {
		"FuncLoc": "RJ-B-ECR-PAV-ER08",
		"Sum of Stock Material": "17175.00",
		"Sum of Ext Material": "19187.00",
		"Sum of Labor": "210.00",
		"Sum of Services": "0.00",
		"Sum of Oth": "188.00",
		"TOTAL": "36760.00"
	}, {
		"FuncLoc": "RJ-B-ECR-PAV-ER09",
		"Sum of Stock Material": "15754.00",
		"Sum of Ext Material": "15617.00",
		"Sum of Labor": "120.00",
		"Sum of Services": "0.00",
		"Sum of Oth": "170.00",
		"TOTAL": "31661.00"
	}, {
		"FuncLoc": "RJ-B-ECR-PAV-ER10",
		"Sum of Stock Material": "15164.00",
		"Sum of Ext Material": "19140.00",
		"Sum of Labor": "60.00",
		"Sum of Services": "0.00",
		"Sum of Oth": "366.00",
		"TOTAL": "34730.00"
	}, {
		"FuncLoc": "RJ-B-ECR-PAV-ER11",
		"Sum of Stock Material": "16645.00",
		"Sum of Ext Material": "17318.00",
		"Sum of Labor": "150.00",
		"Sum of Services": "0.00",
		"Sum of Oth": "142.00",
		"TOTAL": "34255.00"
	}, {
		"FuncLoc": "RJ-B-ECR-PAV-ER12",
		"Sum of Stock Material": "11530.00",
		"Sum of Ext Material": "1163718.00",
		"Sum of Labor": "100.00",
		"Sum of Services": "0.00",
		"Sum of Oth": "720.00",
		"TOTAL": "1176068.00"
	}, {
		"FuncLoc": "RJ-B-ECR-PAV-ER13",
		"Sum of Stock Material": "12218.00",
		"Sum of Ext Material": "1327082.00",
		"Sum of Labor": "100.00",
		"Sum of Services": "0.00",
		"Sum of Oth": "232.00",
		"TOTAL": "1339632.00"
	}, {
		"FuncLoc": "RJ-B-ELV-EST-EL01",
		"Sum of Stock Material": "41392.00",
		"Sum of Ext Material": "1768.00",
		"Sum of Labor": "1,040.00",
		"Sum of Services": "0.00",
		"Sum of Oth": "9802.00",
		"TOTAL": "54002.00"
	}, {
		"FuncLoc": "RJ-B-ELV-EST-EL02",
		"Sum of Stock Material": "728.00",
		"Sum of Ext Material": "146.00",
		"Sum of Labor": "50.00",
		"Sum of Services": "0.00",
		"Sum of Oth": "332.00",
		"TOTAL": "1256.00"
	}, {
		"FuncLoc": "RJ-B-ELV-EST-EL03",
		"Sum of Stock Material": "6153.00",
		"Sum of Ext Material": "596087.00",
		"Sum of Labor": "40.00",
		"Sum of Services": "5970.70",
		"Sum of Oth": "152.00",
		"TOTAL": "608402.70"
	}, {
		"FuncLoc": "RJ-B-ELV-EST-EL04",
		"Sum of Stock Material": "8342.00",
		"Sum of Ext Material": "554493.00",
		"Sum of Labor": "60.00",
		"Sum of Services": "5260.67",
		"Sum of Oth": "106.00",
		"TOTAL": "568261.67"
	}, {
		"FuncLoc": "RJ-B-ELV-EST-EL05",
		"Sum of Stock Material": "169.00",
		"Sum of Ext Material": "579608.00",
		"Sum of Labor": "40.00",
		"Sum of Services": "0.00",
		"Sum of Oth": "142.00",
		"TOTAL": "579959.00"
	}, {
		"FuncLoc": "RJ-B-ELV-PAV-EL02",
		"Sum of Stock Material": "151.00",
		"Sum of Ext Material": "625336.00",
		"Sum of Labor": "40.00",
		"Sum of Services": "0.00",
		"Sum of Oth": "108.00",
		"TOTAL": "625635.00"
	}, {
		"FuncLoc": "RJ-B-ELV-PAV-EL03",
		"Sum of Stock Material": "162.00",
		"Sum of Ext Material": "623312.00",
		"Sum of Labor": "40.00",
		"Sum of Services": "0.00",
		"Sum of Oth": "105.00",
		"TOTAL": "623619.00"
	}, {
		"FuncLoc": "RJ-B-ELV-PAV-EL04",
		"Sum of Stock Material": "109.00",
		"Sum of Ext Material": "572811.00",
		"Sum of Labor": "40.00",
		"Sum of Services": "0.00",
		"Sum of Oth": "268.00",
		"TOTAL": "573228.00"
	}, {
		"FuncLoc": "RJ-B-ELV-PAV-EL05",
		"Sum of Stock Material": "157.00",
		"Sum of Ext Material": "660621.00",
		"Sum of Labor": "160.00",
		"Sum of Services": "0.00",
		"Sum of Oth": "337.00",
		"TOTAL": "661275.00"
	}, {
		"FuncLoc": "RJ-B-GGD-EST",
		"Sum of Stock Material": "103.00",
		"Sum of Ext Material": "643876.00",
		"Sum of Labor": "40.00",
		"Sum of Services": "0.00",
		"Sum of Oth": "191.00",
		"TOTAL": "644210.00"
	}, {
		"FuncLoc": "RJ-B-GGD-PAV",
		"Sum of Stock Material": "187.00",
		"Sum of Ext Material": "591232.00",
		"Sum of Labor": "40.00",
		"Sum of Services": "0.00",
		"Sum of Oth": "337.00",
		"TOTAL": "591796.00"
	}, {
		"FuncLoc": "RJ-B-PSD-EST-PDM",
		"Sum of Stock Material": "113.00",
		"Sum of Ext Material": "627272.00",
		"Sum of Labor": "40.00",
		"Sum of Services": "0.00",
		"Sum of Oth": "314.00",
		"TOTAL": "627739.00"
	}, {
		"FuncLoc": "RJ-B-SCA-PAV",
		"Sum of Stock Material": "5925.00",
		"Sum of Ext Material": "735218.00",
		"Sum of Labor": "60.00",
		"Sum of Services": "4597.13",
		"Sum of Oth": "161.00",
		"TOTAL": "745961.13"
	}, {
		"FuncLoc": "RJ-B-SCA-VCX",
		"Sum of Stock Material": "110.00",
		"Sum of Ext Material": "557090.00",
		"Sum of Labor": "40.00",
		"Sum of Services": "0.00",
		"Sum of Oth": "216.00",
		"TOTAL": "557456.00"
	}, {
		"FuncLoc": "RJ-B-VST-PAV",
		"Sum of Stock Material": "152.00",
		"Sum of Ext Material": "576985.00",
		"Sum of Labor": "40.00",
		"Sum of Services": "0.00",
		"Sum of Oth": "307.00",
		"TOTAL": "577484.00"
	}, {
		"FuncLoc": "RJ-C-CIV-CEN-HIDRO",
		"Sum of Stock Material": "140.00",
		"Sum of Ext Material": "538752.00",
		"Sum of Labor": "40.00",
		"Sum of Services": "0.00",
		"Sum of Oth": "391.00",
		"TOTAL": "539323.00"
	}, {
		"FuncLoc": "RJ-ETA-EST",
		"Sum of Stock Material": "225.00",
		"Sum of Ext Material": "1064870.00",
		"Sum of Labor": "200.00",
		"Sum of Services": "0.00",
		"Sum of Oth": "316.00",
		"TOTAL": "1065611.00"
	}, {
		"FuncLoc": "RJ-ETA-PAV",
		"Sum of Stock Material": "259.00",
		"Sum of Ext Material": "1088256.00",
		"Sum of Labor": "160.00",
		"Sum of Services": "0.00",
		"Sum of Oth": "233.00",
		"TOTAL": "1088908.00"
	}, {
		"FuncLoc": "RJ-FEP-ECH-PAV",
		"Sum of Stock Material": "117.00",
		"Sum of Ext Material": "534203.00",
		"Sum of Labor": "140.00",
		"Sum of Services": "0.00",
		"Sum of Oth": "375.00",
		"TOTAL": "534835.00"
	}, {
		"FuncLoc": "RJ-F-PDA-EST",
		"Sum of Stock Material": "9000.00",
		"Sum of Ext Material": "630030.00",
		"Sum of Labor": "200.00",
		"Sum of Services": "4996.52",
		"Sum of Oth": "337.00",
		"TOTAL": "644563.52"
	}, {
		"FuncLoc": "RJ-F-SAL-CEN-125",
		"Sum of Stock Material": "375.00",
		"Sum of Ext Material": "3551849.00",
		"Sum of Labor": "300.00",
		"Sum of Services": "9996.92",
		"Sum of Oth": "342.00",
		"TOTAL": "3562862.92"
	}, {
		"FuncLoc": "RJ-F-SAL-CEN-INV-INV2",
		"Sum of Stock Material": "179.00",
		"Sum of Ext Material": "1441352.00",
		"Sum of Labor": "80.00",
		"Sum of Services": "3711.50",
		"Sum of Oth": "186.00",
		"TOTAL": "1445508.50"
	}, {
		"FuncLoc": "RJ-F-SAL-CEN-INV-PDF2",
		"Sum of Stock Material": "5215.00",
		"Sum of Ext Material": "896538.00",
		"Sum of Labor": "120.00",
		"Sum of Services": "4507.53",
		"Sum of Oth": "254.00",
		"TOTAL": "906634.53"
	}, {
		"FuncLoc": "RJ-F-SAL-CEN-SBT",
		"Sum of Stock Material": "32192.00",
		"Sum of Ext Material": "27332.00",
		"Sum of Labor": "2080.00",
		"Sum of Services": "0.00",
		"Sum of Oth": "146.00",
		"TOTAL": "61750.00"
	}, {
		"FuncLoc": "RJ-F-SAL-CEN-SBT-PESS",
		"Sum of Stock Material": "181.00",
		"Sum of Ext Material": "1627817.00",
		"Sum of Labor": "160.00",
		"Sum of Services": "4027.45",
		"Sum of Oth": "396.00",
		"TOTAL": "1632581.45"
	}, {
		"FuncLoc": "RJ-F-SAL-CEN-SBT-PVST",
		"Sum of Stock Material": "7650.00",
		"Sum of Ext Material": "1081065.00",
		"Sum of Labor": "700.00",
		"Sum of Services": "29477.63",
		"Sum of Oth": "410.00",
		"TOTAL": "1119302.63"
	}, {
		"FuncLoc": "RJ-F-SAL-CEN-SBT-QGD",
		"Sum of Stock Material": "6100.00",
		"Sum of Ext Material": "650337.00",
		"Sum of Labor": "60.00",
		"Sum of Services": "4802.97",
		"Sum of Oth": "281.00",
		"TOTAL": "661580.97"
	}, {
		"FuncLoc": "RJ-F-SAL-CEN-SBT-QPD",
		"Sum of Stock Material": "173.00",
		"Sum of Ext Material": "684276.00",
		"Sum of Labor": "40.00",
		"Sum of Services": "0.00",
		"Sum of Oth": "131.00",
		"TOTAL": "684620.00"
	}, {
		"FuncLoc": "RJ-F-SAL-CEN-SBT-TR03",
		"Sum of Stock Material": "155.00",
		"Sum of Ext Material": "1120066.00",
		"Sum of Labor": "60.00",
		"Sum of Services": "4320.53",
		"Sum of Oth": "281.00",
		"TOTAL": "1124882.53"
	}, {
		"FuncLoc": "RJ-F-SAL-CEN-SDG-PCCA",
		"Sum of Stock Material": "17424.00",
		"Sum of Ext Material": "13397.00",
		"Sum of Labor": "260.00",
		"Sum of Services": "0.00",
		"Sum of Oth": "359.00",
		"TOTAL": "31440.00"
	}, {
		"FuncLoc": "RJ-F-SAL-CEN-SDG-SCCA-SDCCA1",
		"Sum of Stock Material": "15609.00",
		"Sum of Ext Material": "8678.00",
		"Sum of Labor": "260.00",
		"Sum of Services": "0.00",
		"Sum of Oth": "224.00",
		"TOTAL": "24771.00"
	}, {
		"FuncLoc": "RJ-F-SAL-CEN-SDG-SDMT",
		"Sum of Stock Material": "140.00",
		"Sum of Ext Material": "1849749.00",
		"Sum of Labor": "40.00",
		"Sum of Services": "5,719.26",
		"Sum of Oth": "383.00",
		"TOTAL": "1856031.26"
	}, {
		"FuncLoc": "RJ-F-SAL-CEN-SDG-SDTR",
		"Sum of Stock Material": "18081.00",
		"Sum of Ext Material": "9075.00",
		"Sum of Labor": "520.00",
		"Sum of Services": "0.00",
		"Sum of Oth": "330.00",
		"TOTAL": "28006.00"
	}, {
		"FuncLoc": "RJ-F-SAL-CEN-SMT",
		"Sum of Stock Material": "34497.00",
		"Sum of Ext Material": "25498.00",
		"Sum of Labor": "430.00",
		"Sum of Services": "0.00",
		"Sum of Oth": "361.00",
		"TOTAL": "60,86.00"
	}, {
		"FuncLoc": "RJ-F-SAL-EST-125",
		"Sum of Stock Material": "5185.00",
		"Sum of Ext Material": "2643661.00",
		"Sum of Labor": "240.00",
		"Sum of Services": "9605.17",
		"Sum of Oth": "644.00",
		"TOTAL": "2659335.17"
	}, {
		"FuncLoc": "RJ-F-SAL-EST-INV",
		"Sum of Stock Material": "12017.00",
		"Sum of Ext Material": "5201927.00",
		"Sum of Labor": "840.00",
		"Sum of Services": "12089.19",
		"Sum of Oth": "1345.00",
		"TOTAL": "5228218.19"
	}, {
		"FuncLoc": "RJ-F-SAL-PAV-125-BAT1",
		"Sum of Stock Material": "33909.00",
		"Sum of Ext Material": "27025.00",
		"Sum of Labor": "300.00",
		"Sum of Services": "0.00",
		"Sum of Oth": "260.00",
		"TOTAL": "61494.00"
	}, {
		"FuncLoc": "RJ-F-SAL-PAV-125-BAT2",
		"Sum of Stock Material": "48441.00",
		"Sum of Ext Material": "50943.00",
		"Sum of Labor": "620.00",
		"Sum of Services": "0.00",
		"Sum of Oth": "365.00",
		"TOTAL": "100369.00"
	}, {
		"FuncLoc": "RJ-F-SAL-PAV-125-CPF1",
		"Sum of Stock Material": "17459.00",
		"Sum of Ext Material": "5712.00",
		"Sum of Labor": "520.00",
		"Sum of Services": "0.00",
		"Sum of Oth": "127.00",
		"TOTAL": "23818.00"
	}, {
		"FuncLoc": "RJ-F-SAL-PAV-125-CPF2",
		"Sum of Stock Material": "16727.00",
		"Sum of Ext Material": "11386.00",
		"Sum of Labor": "260.00",
		"Sum of Services": "0.00",
		"Sum of Oth": "59.00",
		"TOTAL": "28432.00"
	}, {
		"FuncLoc": "RJ-F-SAL-PAV-125-QDCC",
		"Sum of Stock Material": "17840.00",
		"Sum of Ext Material": "10050.00",
		"Sum of Labor": "390.00",
		"Sum of Services": "0.00",
		"Sum of Oth": "390.00",
		"TOTAL": "28670.00"
	}, {
		"FuncLoc": "RJ-F-SAL-PAV-125-RET1",
		"Sum of Stock Material": "18005.00",
		"Sum of Ext Material": "12205.00",
		"Sum of Labor": "520.00",
		"Sum of Services": "0.00",
		"Sum of Oth": "152.00",
		"TOTAL": "30882.00"
	}, {
		"FuncLoc": "RJ-F-SAL-PAV-125-RET2",
		"Sum of Stock Material": "17122.00",
		"Sum of Ext Material": "11603.00",
		"Sum of Labor": "260.00",
		"Sum of Services": "0.00",
		"Sum of Oth": "344.00",
		"TOTAL": "29329.00"
	}, {
		"FuncLoc": "RJ-F-SAL-PAV-INV-UPS1-BCOBAT",
		"Sum of Stock Material": "15618.00",
		"Sum of Ext Material": "1246410.00",
		"Sum of Labor": "640.00",
		"Sum of Services": "0.00",
		"Sum of Oth": "309.00",
		"TOTAL": "1262977.00"
	}, {
		"FuncLoc": "RJ-F-SAL-PAV-SMT",
		"Sum of Stock Material": "31694.00",
		"Sum of Ext Material": "31967.00",
		"Sum of Labor": "520.00",
		"Sum of Services": "0.00",
		"Sum of Oth": "127.00",
		"TOTAL": "64308.00"
	}, {
		"FuncLoc": "RJ-F-SAL-PAV-SMT-TR01",
		"Sum of Stock Material": "15023.00",
		"Sum of Ext Material": "5235.00",
		"Sum of Labor": "100.00",
		"Sum of Services": "0.00",
		"Sum of Oth": "5.00",
		"TOTAL": "20363.00"
	}, {
		"FuncLoc": "RJ-F-SEP-YVB",
		"Sum of Stock Material": "16650.00",
		"Sum of Ext Material": "17800.00",
		"Sum of Labor": "40.00",
		"Sum of Services": "0.00",
		"Sum of Oth": "266.00",
		"TOTAL": "34756.00"
	}, {
		"FuncLoc": "RJ-F-SER-CEN",
		"Sum of Stock Material": "76711.00",
		"Sum of Ext Material": "2952924.00",
		"Sum of Labor": "1110.00",
		"Sum of Services": "48598.40",
		"Sum of Oth": "3809.00",
		"TOTAL": "3083152.40"
	}, {
		"FuncLoc": "RJ-F-SER-CEN-TRA-TR11",
		"Sum of Stock Material": "17000.00",
		"Sum of Ext Material": "5877.00",
		"Sum of Labor": "390.00",
		"Sum of Services": "0.00",
		"Sum of Oth": "84.00",
		"TOTAL": "23351.00"
	}, {
		"FuncLoc": "RJ-F-SER-CEN-TRA-TR21",
		"Sum of Stock Material": "17383.00",
		"Sum of Ext Material": "13647.00",
		"Sum of Labor": "40.00",
		"Sum of Services": "0.00",
		"Sum of Oth": "238.00",
		"TOTAL": "31308.00"
	}, {
		"FuncLoc": "RJ-F-SER-PAV",
		"Sum of Stock Material": "34601.00",
		"Sum of Ext Material": "26942.00",
		"Sum of Labor": "780.00",
		"Sum of Services": "0.00",
		"Sum of Oth": "356.00",
		"TOTAL": "62679.00"
	}, {
		"FuncLoc": "RJ-G-RAC-CEN",
		"Sum of Stock Material": "170.00",
		"Sum of Ext Material": "1613247.00",
		"Sum of Labor": "160.00",
		"Sum of Services": "4445.35",
		"Sum of Oth": "233.00",
		"TOTAL": "1618255.35"
	}, {
		"FuncLoc": "RJ-G-RAC-EST",
		"Sum of Stock Material": "118.00",
		"Sum of Ext Material": "1385704.00",
		"Sum of Labor": "60.00",
		"Sum of Services": "3643.73",
		"Sum of Oth": "69.00",
		"TOTAL": "1389594.73"
	}, {
		"FuncLoc": "RJ-G-RAC-PAV",
		"Sum of Stock Material": "154.00",
		"Sum of Ext Material": "1648975.00",
		"Sum of Labor": "140.00",
		"Sum of Services": "5684.97",
		"Sum of Oth": "183.00",
		"TOTAL": "1655136.97"
	}, {
		"FuncLoc": "RJ-G-SCF-CEN",
		"Sum of Stock Material": "50.00",
		"Sum of Ext Material": "0.00",
		"Sum of Labor": "80.00",
		"Sum of Services": "0.00",
		"Sum of Oth": "133.00",
		"TOTAL": "263.00"
	}, {
		"FuncLoc": "RJ-G-SCF-EST",
		"Sum of Stock Material": "149.00",
		"Sum of Ext Material": "1375442.00",
		"Sum of Labor": "60.00",
		"Sum of Services": "5692.97",
		"Sum of Oth": "112.00",
		"TOTAL": "1381455.97"
	}, {
		"FuncLoc": "RJ-G-SME-GLO",
		"Sum of Stock Material": "50.00",
		"Sum of Ext Material": "300.00",
		"Sum of Labor": "40.00",
		"Sum of Services": "0.00",
		"Sum of Oth": "378.00",
		"TOTAL": "768.00"
	}, {
		"FuncLoc": "RJ-PCO-EST",
		"Sum of Stock Material": "134.00",
		"Sum of Ext Material": "507627.00",
		"Sum of Labor": "140.00",
		"Sum of Services": "0.00",
		"Sum of Oth": "352.00",
		"TOTAL": "508253.00"
	}, {
		"FuncLoc": "RJ-SEG-CAT",
		"Sum of Stock Material": "5300.00",
		"Sum of Ext Material": "1057345.00",
		"Sum of Labor": "800.00",
		"Sum of Services": "17716.17",
		"Sum of Oth": "840.00",
		"TOTAL": "1082001.17"
	}, {
		"FuncLoc": "RJ-SEG-YVB",
		"Sum of Stock Material": "5372.00",
		"Sum of Ext Material": "862373.00",
		"Sum of Labor": "100.00",
		"Sum of Services": "4916.38",
		"Sum of Oth": "373.00",
		"TOTAL": "873134.38"
	}]
}