{
	"root": {
		"children": [{
				"id": "01",
				"level": "01",
				"name": "200121 Inspection",
				"order": [{
					"startTime": "20150101000000",
					"endTime": "20150125000000",
					"level": "1"
				}],
				"nwtForWeekends": [{
					"id": "nwtForWeekends"
				}],
				"nwt": [{
					"id": "nwtForAWeek"
				}]
			}, {
				"id": "02",
				"level": "01",
				"name": "200122 Inspection",
				"order": [{
					"startTime": "2015012500000",
					"endTime": "20150311000000",
					"level": "1"
				}],
				"nwtForWeekends": [{
					"id": "nwtForWeekends"
				}],
				"nwt": [{
					"id": "nwtForAWeek"
				}]
			}, {
				"id": "03",
				"level": "01",
				"name": "200122 Inspection",
				"order": [{
					"startTime": "2015031100000",
					"endTime": "20150430000000",
					"level": "1"
				}],
				"nwtForWeekends": [{
					"id": "nwtForWeekends"
				}],
				"nwt": [{
					"id": "nwtForAWeek"
				}]
			}, {
				"id": "04",
				"level": "01",
				"name": "200122 Inspection",
				"order": [{
					"startTime": "2015043000000",
					"endTime": "20150612000000",
					"level": "1"
				}],
				"nwtForWeekends": [{
					"id": "nwtForWeekends"
				}],
				"nwt": [{
					"id": "nwtForAWeek"
				}]
			}

			, {
				"id": "05",
				"level": "01",
				"name": "200123 Inspection",
				"order": [{
					"startTime": "2015043000000",
					"endTime": "20150612000000",
					"level": "1"
				}],
				"nwtForWeekends": [{
					"id": "nwtForWeekends"
				}],
				"nwt": [{
					"id": "nwtForAWeek"
				}]
			}, {
				"id": "06",
				"level": "01",
				"name": "200140 Inspection",
				"order": [{
					"startTime": "2015012500000",
					"endTime": "20150311000000",
					"level": "1"
				}],
				"nwtForWeekends": [{
					"id": "nwtForWeekends"
				}],
				"nwt": [{
					"id": "nwtForAWeek"
				}]
			}, {
				"id": "06",
				"level": "01",
				"name": "200141 Inspection",
				"order": [{
					"startTime": "2015043000000",
					"endTime": "20150612000000",
					"level": "1"
				}],
				"nwtForWeekends": [{
					"id": "nwtForWeekends"
				}],
				"nwt": [{
					"id": "nwtForAWeek"
				}]
			}, {
				"id": "07",
				"level": "01",
				"name": "200142 Inspection",
				"order": [{
					"startTime": "2015043000000",
					"endTime": "20150612000000",
					"level": "1"
				}],
				"nwtForWeekends": [{
					"id": "nwtForWeekends"
				}],
				"nwt": [{
					"id": "nwtForAWeek"
				}]
			}, {
				"id": "08",
				"level": "01",
				"name": "200143 Inspection",
				"order": [{
					"startTime": "2015043000000",
					"endTime": "20150612000000",
					"level": "1"
				}],
				"nwtForWeekends": [{
					"id": "nwtForWeekends"
				}],
				"nwt": [{
					"id": "nwtForAWeek"
				}]
			}, {
				"id": "09",
				"level": "01",
				"name": "200144 Inspection",
				"order": [{
					"startTime": "2015012500000",
					"endTime": "20150311000000",
					"level": "1"
				}],
				"nwtForWeekends": [{
					"id": "nwtForWeekends"
				}],
				"nwt": [{
					"id": "nwtForAWeek"
				}]
			}, {
				"id": "10",
				"level": "01",
				"name": "200145 Inspection",
				"order": [{
					"startTime": "2015043000000",
					"endTime": "20150612000000",
					"level": "1"
				}],
				"nwtForWeekends": [{
					"id": "nwtForWeekends"
				}],
				"nwt": [{
					"id": "nwtForAWeek"
				}]
			}, {
				"id": "11",
				"level": "01",
				"name": "200146 Inspection",
				"order": [{
					"startTime": "2015043000000",
					"endTime": "20150612000000",
					"level": "1"
				}],
				"nwtForWeekends": [{
					"id": "nwtForWeekends"
				}],
				"nwt": [{
					"id": "nwtForAWeek"
				}]
			},

			{
				"id": "12",
				"level": "01",
				"name": "CallD00212",
				"order": [{
					"startTime": "20150101000000",
					"endTime": "20150125000000",
					"level": "1"
				}],
				"nwtForWeekends": [{
					"id": "nwtForWeekends"
				}],
				"nwt": [{
					"id": "nwtForAWeek"
				}]
			},

			{
				"id": "13",
				"level": "01",
				"name": "CallD00321",
				"order": [{
					"startTime": "2015043000000",
					"endTime": "20150612000000",
					"level": "1"
				}],
				"nwtForWeekends": [{
					"id": "nwtForWeekends"
				}],
				"nwt": [{
					"id": "nwtForAWeek"
				}]
			}
		]
	}
}