[{
	"PLAN": 10001,
	"REFNUMBER": "C50492236",
	"ORDERITEM": "CALL",
	"DESCRIPTION": "Manutencao Preventiva Anual",
	"Start": "14.09.2020",
	"End": "24.09.2020",
	"FuncLoc": "RJ-F-PDA-EST",
	"FuncLocDescription": "ESTACAO ESTACIO - ESCADARIA"
}, {
	"PLAN": 10002,
	"REFNUMBER": "C50535026",
	"ORDERITEM": "CALL",
	"DESCRIPTION": "Manutencao Preventiva Anual",
	"Start": "04.09.2020",
	"End": "14.09.2020",
	"FuncLoc": "RJ-F-SAL-EST-125",
	"FuncLocDescription": "SISTEMA 125VCC DE ESTACIO"
}, {
	"PLAN": 10003,
	"REFNUMBER": "C50626527",
	"ORDERITEM": "CALL",
	"DESCRIPTION": "Manutencao Preventiva Trianual",
	"Start": "26.07.2020",
	"End": "06.08.2020",
	"FuncLoc": "RJ-F-SAL-EST-125",
	"FuncLocDescription": "SISTEMA 125VCC DE ESTACIO"
}, {
	"PLAN": 10004,
	"REFNUMBER": "C50630103",
	"ORDERITEM": "CALL",
	"DESCRIPTION": "Manutencao Preventiva Bianual",
	"Start": "15.09.2020",
	"End": "25.09.2020",
	"FuncLoc": "RJ-F-SAL-EST-INV",
	"FuncLocDescription": "INVERSORES DE FREQUENCIA"
}, {
	"PLAN": 10005,
	"REFNUMBER": "C50630115",
	"ORDERITEM": "CALL",
	"DESCRIPTION": "Manutencao Preventiva Bianual",
	"Start": "25.08.2020",
	"End": "05.09.2020",
	"FuncLoc": "RJ-F-SAL-EST-INV",
	"FuncLocDescription": "INVERSORES DE FREQUENCIA"
}, {
	"PLAN": 10006,
	"REFNUMBER": "C50637524",
	"ORDERITEM": "CALL",
	"DESCRIPTION": "Manutencao Preventiva Semestral",
	"Start": "18.06.2020",
	"End": "23.06.2020",
	"FuncLoc": "RJ-F-SAL-EST-INV",
	"FuncLocDescription": "INVERSORES DE FREQUENCIA"
}, {
	"PLAN": 10007,
	"REFNUMBER": "C50650980",
	"ORDERITEM": "CALL",
	"DESCRIPTION": "Manutencao Preventiva Trianual",
	"Start": "17.09.2020",
	"End": "27.09.2020",
	"FuncLoc": "RJ-F-SAL-EST-INV",
	"FuncLocDescription": "INVERSORES DE FREQUENCIA"
}, {
	"PLAN": 10008,
	"REFNUMBER": "C50650991",
	"ORDERITEM": "CALL",
	"DESCRIPTION": "Manutencao Preventiva Trianual",
	"Start": "28.07.2020",
	"End": "08.08.2020",
	"FuncLoc": "RJ-F-SAL-CEN-125",
	"FuncLocDescription": "SISTEMA 125VCC DE CENTRAL"
}, {
	"PLAN": 10009,
	"REFNUMBER": "C50658366",
	"ORDERITEM": "CALL",
	"DESCRIPTION": "Manutencao Preventiva Trianual",
	"Start": "21.09.2020",
	"End": "01.10.2020",
	"FuncLoc": "RJ-F-SAL-CEN-125",
	"FuncLocDescription": "SISTEMA 125VCC DE CENTRAL"
}, {
	"PLAN": 10010,
	"REFNUMBER": "C50658375",
	"ORDERITEM": "CALL",
	"DESCRIPTION": "Manutencao Preventiva Trianual",
	"Start": "07.10.2020",
	"End": "17.10.2020",
	"FuncLoc": "RJ-F-SAL-CEN-INV-INV2",
	"FuncLocDescription": "INVERSORES 2 DE CEN"
}, {
	"PLAN": 10011,
	"REFNUMBER": "C50666905",
	"ORDERITEM": "CALL",
	"DESCRIPTION": "Manutencao Preventiva Anual",
	"Start": "17.09.2020",
	"End": "27.09.2020",
	"FuncLoc": "RJ-F-SAL-CEN-INV-PDF2",
	"FuncLocDescription": "PDF -PAINEL DE DISTRIBUICAO DE FORCA"
}, {
	"PLAN": 10012,
	"REFNUMBER": "C50671667",
	"ORDERITEM": "CALL",
	"DESCRIPTION": "Manutencao Preventiva Mensal",
	"Start": "28.07.2020",
	"End": "01.08.2020",
	"FuncLoc": "RJ-F-SAL-CEN-SBT",
	"FuncLocDescription": "SISTEMA BAIXA TENSAO"
}, {
	"PLAN": 10013,
	"REFNUMBER": "C50677223",
	"ORDERITEM": "C50677223",
	"DESCRIPTION": "Manutencao Preventiva Trianual",
	"Start": "17.05.2020",
	"End": "27.05.2020",
	"FuncLoc": "RJ-F-SAL-CEN-SBT-PESS",
	"FuncLocDescription": "PAINEL ESSENCIAL (PESS)"
}, {
	"PLAN": 10014,
	"REFNUMBER": "C50681722",
	"ORDERITEM": "C50681722",
	"DESCRIPTION": "Manutencao Preventiva Trimestral",
	"Start": "04.04.2020",
	"End": "11.04.2020",
	"FuncLoc": "RJ-F-SAL-CEN-SBT-PVST",
	"FuncLocDescription": "PAINEL VENTILAÇÃO SALAS DA OPERAÇÃO"
}, {
	"PLAN": 10014,
	"REFNUMBER": "C50681722",
	"ORDERITEM": "CALL",
	"DESCRIPTION": "Manutencao Preventiva Trimestral",
	"Start": "04.07.2020",
	"End": "11.07.2020",
	"FuncLoc": "RJ-F-SAL-CEN-SBT-PVST",
	"FuncLocDescription": "PAINEL VENTILAÇÃO SALAS DA OPERAÇÃO"
}, {
	"PLAN": 10014,
	"REFNUMBER": "C50681722",
	"ORDERITEM": "CALL",
	"DESCRIPTION": "Manutencao Preventiva Trimestral",
	"Start": "04.10.2020",
	"End": "11.10.2020",
	"FuncLoc": "RJ-F-SAL-CEN-SBT-PVST",
	"FuncLocDescription": "PAINEL VENTILAÇÃO SALAS DA OPERAÇÃO"
}, {
	"PLAN": 10014,
	"REFNUMBER": "C50681722",
	"ORDERITEM": "CALL",
	"DESCRIPTION": "Manutencao Preventiva Trimestral",
	"Start": "04.01.2021",
	"End": "11.01.2021",
	"FuncLoc": "RJ-F-SAL-CEN-SBT-PVST",
	"FuncLocDescription": "PAINEL VENTILAÇÃO SALAS DA OPERAÇÃO"
}, {
	"PLAN": 10014,
	"REFNUMBER": "C50681722",
	"ORDERITEM": "CALL",
	"DESCRIPTION": "Manutencao Preventiva Trimestral",
	"Start": "04.04.2021",
	"End": "11.04.2021",
	"FuncLoc": "RJ-F-SAL-CEN-SBT-PVST",
	"FuncLocDescription": "PAINEL VENTILAÇÃO SALAS DA OPERAÇÃO"
}, {
	"PLAN": 10015,
	"REFNUMBER": "C50681728",
	"ORDERITEM": "CALL",
	"DESCRIPTION": "Manutencao Preventiva Anual",
	"Start": "01.07.2020",
	"End": "11.07.2020",
	"FuncLoc": "RJ-F-SAL-CEN-SBT-QGD",
	"FuncLocDescription": "QUADRO GERAL DE DISTRIBUIÇÃO"
}, {
	"PLAN": 10016,
	"REFNUMBER": "C50685710",
	"ORDERITEM": "CALL",
	"DESCRIPTION": "Manutencao Preventiva Semestral",
	"Start": "19.11.2020",
	"End": "24.11.2020",
	"FuncLoc": "RJ-F-SAL-CEN-SBT-QPD",
	"FuncLocDescription": "QUADRO PRINCIPAL DE DISTRIBUIÇÃO"
}, {
	"PLAN": 10017,
	"REFNUMBER": "C50688146",
	"ORDERITEM": "C50688146",
	"DESCRIPTION": "Manutencao Preventiva Trianual",
	"Start": "01.06.2020",
	"End": "11.06.2020",
	"FuncLoc": "RJ-F-SAL-CEN-SBT-TR03",
	"FuncLocDescription": "TRANSFORMADOR AUXILIAR TR-03"
}, {
	"PLAN": 10018,
	"REFNUMBER": "C50688152",
	"ORDERITEM": "C50688152",
	"DESCRIPTION": "Manutencao Preventiva Mensal",
	"Start": "23.04.2020",
	"End": "26.04.2020",
	"FuncLoc": "RJ-F-SAL-CEN-SDG-PCCA",
	"FuncLocDescription": "PAINEL DE COMANDO E CONTROLE"
}, {
	"PLAN": 10019,
	"REFNUMBER": "C50688153",
	"ORDERITEM": "CALL",
	"DESCRIPTION": "Manutencao Preventiva Mensal",
	"Start": "07.09.2020",
	"End": "10.09.2020",
	"FuncLoc": "RJ-F-SAL-CEN-SDG-SCCA-SDCCA1",
	"FuncLocDescription": "SDCCA-1 - QPD"
}, {
	"PLAN": 10020,
	"REFNUMBER": "C50688154",
	"ORDERITEM": "CALL",
	"DESCRIPTION": "Manutencao Preventiva Trianual",
	"Start": "23.08.2020",
	"End": "03.09.2020",
	"FuncLoc": "RJ-F-SAL-CEN-SDG-SDMT",
	"FuncLocDescription": "SISTEMA DIGITAL DE MEDIA TENSAO"
}, {
	"PLAN": 10021,
	"REFNUMBER": "C50688160",
	"ORDERITEM": "CALL",
	"DESCRIPTION": "Manutencao Preventiva Mensal",
	"Start": "07.09.2020",
	"End": "10.09.2020",
	"FuncLoc": "RJ-F-SAL-CEN-SDG-SDTR",
	"FuncLocDescription": "SISTEMA DIGITAL DE TRACAO"
}, {
	"PLAN": 10022,
	"REFNUMBER": "C50688907",
	"ORDERITEM": "C50688907",
	"DESCRIPTION": "Manutencao Preventiva Mensal",
	"Start": "21.04.2020",
	"End": "24.04.2020",
	"FuncLoc": "RJ-F-SAL-CEN-SMT",
	"FuncLocDescription": "SISTEMA MEDIA TENSAO 22KV"
}, {
	"PLAN": 10023,
	"REFNUMBER": "C50689148",
	"ORDERITEM": "CALL",
	"DESCRIPTION": "Manutencao Preventiva Mensal",
	"Start": "14.10.2020",
	"End": "17.10.2020",
	"FuncLoc": "RJ-F-SAL-CEN-SMT",
	"FuncLocDescription": "SISTEMA MEDIA TENSAO 22KV"
}, {
	"PLAN": 10024,
	"REFNUMBER": "C50689248",
	"ORDERITEM": "C50689248",
	"DESCRIPTION": "Manutencao Preventiva Mensal",
	"Start": "05.05.2020",
	"End": "08.05.2020",
	"FuncLoc": "RJ-F-SAL-PAV-125-BAT1",
	"FuncLocDescription": "BANCO DE BATERIAS 1"
}, {
	"PLAN": 10025,
	"REFNUMBER": "C50689253",
	"ORDERITEM": "CALL",
	"DESCRIPTION": "Manutencao Preventiva Mensal",
	"Start": "20.12.2020",
	"End": "23.12.2020",
	"FuncLoc": "RJ-F-SAL-PAV-125-BAT1",
	"FuncLocDescription": "BANCO DE BATERIAS 1"
}, {
	"PLAN": 10026,
	"REFNUMBER": "C50689256",
	"ORDERITEM": "CALL",
	"DESCRIPTION": "Manutencao Preventiva Mensal",
	"Start": "05.07.2020",
	"End": "08.07.2020",
	"FuncLoc": "RJ-F-SAL-PAV-125-BAT2",
	"FuncLocDescription": "BANCO DE BATERIAS 2"
}, {
	"PLAN": 10027,
	"REFNUMBER": "C50689257",
	"ORDERITEM": "CALL",
	"DESCRIPTION": "Manutencao Preventiva Mensal",
	"Start": "24.08.2020",
	"End": "27.08.2020",
	"FuncLoc": "RJ-F-SAL-PAV-125-BAT2",
	"FuncLocDescription": "BANCO DE BATERIAS 2"
}, {
	"PLAN": 10028,
	"REFNUMBER": "C50689258",
	"ORDERITEM": "CALL",
	"DESCRIPTION": "Manutencao Preventiva Mensal",
	"Start": "22.06.2020",
	"End": "25.06.2020",
	"FuncLoc": "RJ-F-SAL-PAV-125-BAT2",
	"FuncLocDescription": "BANCO DE BATERIAS 2"
}, {
	"PLAN": 10029,
	"REFNUMBER": "C50689269",
	"ORDERITEM": "CALL",
	"DESCRIPTION": "Manutencao Preventiva Mensal",
	"Start": "21.08.2020",
	"End": "24.08.2020",
	"FuncLoc": "RJ-F-SAL-PAV-125-CPF1",
	"FuncLocDescription": "CAIXA PORTA FUSÍVEIS 01"
}, {
	"PLAN": 10030,
	"REFNUMBER": "C50689270",
	"ORDERITEM": "C50689270",
	"DESCRIPTION": "Manutencao Preventiva Mensal",
	"Start": "07.05.2020",
	"End": "10.05.2020",
	"FuncLoc": "RJ-F-SAL-PAV-125-CPF2",
	"FuncLocDescription": "CAIXA PORTA FUSÍVEIS 02"
}, {
	"PLAN": 10031,
	"REFNUMBER": "C50689281",
	"ORDERITEM": "C50689281",
	"DESCRIPTION": "Manutencao Preventiva Mensal",
	"Start": "04.05.2020",
	"End": "07.05.2020",
	"FuncLoc": "RJ-F-SAL-PAV-125-QDCC",
	"FuncLocDescription": "QUADRO DISTRIBUIÇÃO DE CORRENTE CONTÍNUA"
}, {
	"PLAN": 10032,
	"REFNUMBER": "C50689282",
	"ORDERITEM": "C50689282",
	"DESCRIPTION": "Manutencao Preventiva Mensal",
	"Start": "23.04.2020",
	"End": "26.04.2020",
	"FuncLoc": "RJ-F-SAL-PAV-125-RET1",
	"FuncLocDescription": "RETIFICADOR 1 - 450A"
}, {
	"PLAN": 10033,
	"REFNUMBER": "C50689283",
	"ORDERITEM": "CALL",
	"DESCRIPTION": "Manutencao Preventiva Mensal",
	"Start": "22.06.2020",
	"End": "25.06.2020",
	"FuncLoc": "RJ-F-SAL-PAV-125-RET2",
	"FuncLocDescription": "RETIFICADOR 2 - 450A"
}, {
	"PLAN": 10034,
	"REFNUMBER": "C50689286",
	"ORDERITEM": "CALL",
	"DESCRIPTION": "Manutencao Preventiva Mensal",
	"Start": "21.06.2020",
	"End": "24.06.2020",
	"FuncLoc": "RJ-F-SAL-PAV-INV-UPS1-BCOBAT",
	"FuncLocDescription": "BANCO DE BATERIAS"
}, {
	"PLAN": 10035,
	"REFNUMBER": "C50689300",
	"ORDERITEM": "CALL",
	"DESCRIPTION": "Manutencao Preventiva Semestral",
	"Start": "10.07.2020",
	"End": "15.07.2020",
	"FuncLoc": "RJ-F-SAL-PAV-INV-UPS1-BCOBAT",
	"FuncLocDescription": "BANCO DE BATERIAS"
}, {
	"PLAN": 10036,
	"REFNUMBER": "C50689304",
	"ORDERITEM": "C50689304",
	"DESCRIPTION": "Manutencao Preventiva Semestral",
	"Start": "17.04.2020",
	"End": "22.04.2020",
	"FuncLoc": "RJ-F-SAL-PAV-INV-UPS1-BCOBAT",
	"FuncLocDescription": "BANCO DE BATERIAS"
}, {
	"PLAN": 10037,
	"REFNUMBER": "C50689307",
	"ORDERITEM": "CALL",
	"DESCRIPTION": "Manutencao Preventiva Mensal",
	"Start": "28.09.2020",
	"End": "01.10.2020",
	"FuncLoc": "RJ-F-SAL-PAV-SMT",
	"FuncLocDescription": "SISTEMA DE MÉDIA TENSÃO 22KV"
}, {
	"PLAN": 10038,
	"REFNUMBER": "C50689308",
	"ORDERITEM": "CALL",
	"DESCRIPTION": "Manutencao Preventiva Mensal",
	"Start": "27.08.2020",
	"End": "30.08.2020",
	"FuncLoc": "RJ-F-SAL-PAV-SMT",
	"FuncLocDescription": "SISTEMA DE MÉDIA TENSÃO 22KV"
}, {
	"PLAN": 10039,
	"REFNUMBER": "C50689316",
	"ORDERITEM": "CALL",
	"DESCRIPTION": "Manutencao Preventiva Mensal",
	"Start": "27.12.2020",
	"End": "30.12.2020",
	"FuncLoc": "RJ-F-SAL-PAV-SMT-TR01",
	"FuncLocDescription": "TRANSFORMADOR AUXILIAR TR-01"
}, {
	"PLAN": 10040,
	"REFNUMBER": "C50689320",
	"ORDERITEM": "CALL",
	"DESCRIPTION": "Manutencao Preventiva Mensal",
	"Start": "21.10.2020",
	"End": "24.10.2020",
	"FuncLoc": "RJ-F-SEP-YVB",
	"FuncLocDescription": "SUBESTACAO PRIMARIA VITAL BRASIL - YVB"
}, {
	"PLAN": 10041,
	"REFNUMBER": "C50689624",
	"ORDERITEM": "CALL",
	"DESCRIPTION": "Manutencao Preventiva Trimestral",
	"Start": "12.10.2020",
	"End": "19.10.2020",
	"FuncLoc": "RJ-F-SER-CEN",
	"FuncLocDescription": "SUBESTACAO RETIFICADORA DE CENTRAL"
}, {
	"PLAN": 10041,
	"REFNUMBER": "C50689624",
	"ORDERITEM": "CALL",
	"DESCRIPTION": "Manutencao Preventiva Trimestral",
	"Start": "12.01.2021",
	"End": "19.01.2021",
	"FuncLoc": "RJ-F-SER-CEN",
	"FuncLocDescription": "SUBESTACAO RETIFICADORA DE CENTRAL"
}, {
	"PLAN": 10041,
	"REFNUMBER": "C50689624",
	"ORDERITEM": "CALL",
	"DESCRIPTION": "Manutencao Preventiva Trimestral",
	"Start": "12.04.2021",
	"End": "19.04.2021",
	"FuncLoc": "RJ-F-SER-CEN",
	"FuncLocDescription": "SUBESTACAO RETIFICADORA DE CENTRAL"
}, {
	"PLAN": 10041,
	"REFNUMBER": "C50689624",
	"ORDERITEM": "CALL",
	"DESCRIPTION": "Manutencao Preventiva Trimestral",
	"Start": "12.07.2021",
	"End": "19.07.2021",
	"FuncLoc": "RJ-F-SER-CEN",
	"FuncLocDescription": "SUBESTACAO RETIFICADORA DE CENTRAL"
}, {
	"PLAN": 10041,
	"REFNUMBER": "C50689624",
	"ORDERITEM": "CALL",
	"DESCRIPTION": "Manutencao Preventiva Trimestral",
	"Start": "12.10.2021",
	"End": "19.10.2021",
	"FuncLoc": "RJ-F-SER-CEN",
	"FuncLocDescription": "SUBESTACAO RETIFICADORA DE CENTRAL"
}, {
	"PLAN": 10042,
	"REFNUMBER": "C50690367",
	"ORDERITEM": "CALL",
	"DESCRIPTION": "Manutencao Preventiva Mensal",
	"Start": "22.07.2020",
	"End": "25.07.2020",
	"FuncLoc": "RJ-F-SER-CEN",
	"FuncLocDescription": "SUBESTACAO RETIFICADORA DE CENTRAL"
}, {
	"PLAN": 10043,
	"REFNUMBER": "C50690368",
	"ORDERITEM": "C50690368",
	"DESCRIPTION": "Manutencao Preventiva Mensal",
	"Start": "07.04.2020",
	"End": "10.04.2020",
	"FuncLoc": "RJ-F-SER-CEN",
	"FuncLocDescription": "SUBESTACAO RETIFICADORA DE CENTRAL"
}, {
	"PLAN": 10044,
	"REFNUMBER": "C50693200",
	"ORDERITEM": "CALL",
	"DESCRIPTION": "Manutencao Preventiva Trimestral",
	"Start": "13.12.2020",
	"End": "20.12.2020",
	"FuncLoc": "RJ-F-SER-CEN",
	"FuncLocDescription": "SUBESTACAO RETIFICADORA DE CENTRAL"
}, {
	"PLAN": 10044,
	"REFNUMBER": "C50693200",
	"ORDERITEM": "CALL",
	"DESCRIPTION": "Manutencao Preventiva Trimestral",
	"Start": "12.03.2021",
	"End": "19.03.2021",
	"FuncLoc": "RJ-F-SER-CEN",
	"FuncLocDescription": "SUBESTACAO RETIFICADORA DE CENTRAL"
}, {
	"PLAN": 10044,
	"REFNUMBER": "C50693200",
	"ORDERITEM": "CALL",
	"DESCRIPTION": "Manutencao Preventiva Trimestral",
	"Start": "12.06.2021",
	"End": "19.06.2021",
	"FuncLoc": "RJ-F-SER-CEN",
	"FuncLocDescription": "SUBESTACAO RETIFICADORA DE CENTRAL"
}, {
	"PLAN": 10044,
	"REFNUMBER": "C50693200",
	"ORDERITEM": "CALL",
	"DESCRIPTION": "Manutencao Preventiva Trimestral",
	"Start": "12.09.2021",
	"End": "19.09.2021",
	"FuncLoc": "RJ-F-SER-CEN",
	"FuncLocDescription": "SUBESTACAO RETIFICADORA DE CENTRAL"
}, {
	"PLAN": 10044,
	"REFNUMBER": "C50693200",
	"ORDERITEM": "CALL",
	"DESCRIPTION": "Manutencao Preventiva Trimestral",
	"Start": "12.12.2021",
	"End": "19.12.2021",
	"FuncLoc": "RJ-F-SER-CEN",
	"FuncLocDescription": "SUBESTACAO RETIFICADORA DE CENTRAL"
}, {
	"PLAN": 10045,
	"REFNUMBER": "C50693216",
	"ORDERITEM": "CALL",
	"DESCRIPTION": "Manutencao Preventiva Semestral",
	"Start": "03.11.2020",
	"End": "08.11.2020",
	"FuncLoc": "RJ-F-SER-CEN",
	"FuncLocDescription": "SUBESTACAO RETIFICADORA DE CENTRAL"
}, {
	"PLAN": 10046,
	"REFNUMBER": "C50694632",
	"ORDERITEM": "CALL",
	"DESCRIPTION": "Manutencao Preventiva Semestral",
	"Start": "18.11.2020",
	"End": "23.11.2020",
	"FuncLoc": "RJ-F-SER-CEN",
	"FuncLocDescription": "SUBESTACAO RETIFICADORA DE CENTRAL"
}, {
	"PLAN": 10047,
	"REFNUMBER": "C50694696",
	"ORDERITEM": "CALL",
	"DESCRIPTION": "Manutencao Preventiva Mensal",
	"Start": "19.11.2020",
	"End": "22.11.2020",
	"FuncLoc": "RJ-F-SER-CEN",
	"FuncLocDescription": "SUBESTACAO RETIFICADORA DE CENTRAL"
}, {
	"PLAN": 10048,
	"REFNUMBER": "C50694697",
	"ORDERITEM": "CALL",
	"DESCRIPTION": "Manutencao Preventiva Mensal",
	"Start": "23.11.2020",
	"End": "26.11.2020",
	"FuncLoc": "RJ-F-SER-CEN",
	"FuncLocDescription": "SUBESTACAO RETIFICADORA DE CENTRAL"
}, {
	"PLAN": 10049,
	"REFNUMBER": "C50694698",
	"ORDERITEM": "CALL",
	"DESCRIPTION": "Manutencao Preventiva Mensal",
	"Start": "03.06.2020",
	"End": "06.06.2020",
	"FuncLoc": "RJ-F-SER-CEN-TRA-TR11",
	"FuncLocDescription": "TRANSFORMADOR RETIFICADOR TR11 DE CEN"
}, {
	"PLAN": 10050,
	"REFNUMBER": "C50694700",
	"ORDERITEM": "CALL",
	"DESCRIPTION": "Manutencao Preventiva Mensal",
	"Start": "18.08.2020",
	"End": "21.08.2020",
	"FuncLoc": "RJ-F-SER-CEN-TRA-TR21",
	"FuncLocDescription": "TRANSFORMADOR RETIFICADOR TR21 DE CEN"
}, {
	"PLAN": 10051,
	"REFNUMBER": "C50694701",
	"ORDERITEM": "CALL",
	"DESCRIPTION": "Manutencao Preventiva Mensal",
	"Start": "21.11.2020",
	"End": "24.11.2020",
	"FuncLoc": "RJ-F-SER-PAV",
	"FuncLocDescription": "SUBESTACAO RETIFICADORA DE PAV"
}, {
	"PLAN": 10052,
	"REFNUMBER": "C50694702",
	"ORDERITEM": "C50694702",
	"DESCRIPTION": "Manutencao Preventiva Mensal",
	"Start": "01.04.2020",
	"End": "04.04.2020",
	"FuncLoc": "RJ-F-SER-PAV",
	"FuncLocDescription": "SUBESTACAO RETIFICADORA DE PAV"
}, {
	"PLAN": 10053,
	"REFNUMBER": "C50695081",
	"ORDERITEM": "CALL",
	"DESCRIPTION": "Manutencao Preventiva Trianual",
	"Start": "08.10.2020",
	"End": "18.10.2020",
	"FuncLoc": "RJ-G-RAC-EST",
	"FuncLocDescription": "ESTACAO ESTACIO"
}, {
	"PLAN": 10054,
	"REFNUMBER": "C50695409",
	"ORDERITEM": "CALL",
	"DESCRIPTION": "Manutencao Preventiva Trianual",
	"Start": "10.10.2020",
	"End": "20.10.2020",
	"FuncLoc": "RJ-G-RAC-CEN",
	"FuncLocDescription": "CENTRAL"
}, {
	"PLAN": 10055,
	"REFNUMBER": "C50695410",
	"ORDERITEM": "C50695410",
	"DESCRIPTION": "Manutencao Preventiva Trianual",
	"Start": "27.04.2020",
	"End": "07.05.2020",
	"FuncLoc": "RJ-G-RAC-PAV",
	"FuncLocDescription": "ESTACAO PAVUNA"
}, {
	"PLAN": 10056,
	"REFNUMBER": "C50695411",
	"ORDERITEM": "C50695411",
	"DESCRIPTION": "Manutencao Preventiva Trianual",
	"Start": "05.04.2020",
	"End": "15.04.2020",
	"FuncLoc": "RJ-G-SCF-EST",
	"FuncLocDescription": "ESTACAO ESTACIO"
}, {
	"PLAN": 10057,
	"REFNUMBER": "C50695891",
	"ORDERITEM": "C50695891",
	"DESCRIPTION": "Leitura de consumo de agua Bimensal",
	"Start": "21.04.2020",
	"End": "24.04.2020",
	"FuncLoc": "RJ-G-SCF-CEN",
	"FuncLocDescription": "ESTACAO CENTRAL"
}, {
	"PLAN": 10058,
	"REFNUMBER": "C50695931",
	"ORDERITEM": "CALL",
	"DESCRIPTION": "Substituição Trolley 14 parafusos",
	"Start": "14.06.2020",
	"End": "17.06.2020",
	"FuncLoc": "RJ-G-SME-GLO",
	"FuncLocDescription": "PRIMARIA GLORIA"
}, {
	"PLAN": 10059,
	"REFNUMBER": "C50696757",
	"ORDERITEM": "CALL",
	"DESCRIPTION": "Manutencao Preventiva Anual",
	"Start": "17.09.2020",
	"End": "27.09.2020",
	"FuncLoc": "RJ-B-ARC-EST",
	"FuncLocDescription": "ESTACAO ESTACIO"
}, {
	"PLAN": 10060,
	"REFNUMBER": "C50696847",
	"ORDERITEM": "CALL",
	"DESCRIPTION": "Manutencao Preventiva Semanal",
	"Start": "18.07.2020",
	"End": "21.07.2020",
	"FuncLoc": "RJ-B-ARC-EST-SI02",
	"FuncLocDescription": "SISTEMA 2 - SALA DE SUPERV.OPERAC.- SSO"
}, {
	"PLAN": 10061,
	"REFNUMBER": "C50696866",
	"ORDERITEM": "C50696866",
	"DESCRIPTION": "Manutencao Preventiva Mensal",
	"Start": "09.05.2020",
	"End": "12.05.2020",
	"FuncLoc": "RJ-B-ARC-CEN",
	"FuncLocDescription": "SUB-ESTACAO RETIFICADORA CENTRAL"
}, {
	"PLAN": 10062,
	"REFNUMBER": "C50696889",
	"ORDERITEM": "CALL",
	"DESCRIPTION": "Manutencao Preventiva Mensal",
	"Start": "20.09.2020",
	"End": "23.09.2020",
	"FuncLoc": "RJ-B-ARC-PAV",
	"FuncLocDescription": "ESTACAO RIO PAVUNA"
}, {
	"PLAN": 10063,
	"REFNUMBER": "C50696890",
	"ORDERITEM": "CALL",
	"DESCRIPTION": "Manutencao Preventiva Mensal",
	"Start": "03.11.2020",
	"End": "06.11.2020",
	"FuncLoc": "RJ-B-ARC-PAV-SI02",
	"FuncLocDescription": "SISTEMA 2 - SALA DE SUPERV.OPERAC.- SSO"
}, {
	"PLAN": 10064,
	"REFNUMBER": "C50696891",
	"ORDERITEM": "CALL",
	"DESCRIPTION": "Manutencao Preventiva Mensal",
	"Start": "23.11.2020",
	"End": "26.11.2020",
	"FuncLoc": "RJ-B-BOM-EST",
	"FuncLocDescription": "ESTACAO ESTACIO"
}, {
	"PLAN": 10065,
	"REFNUMBER": "C50696892",
	"ORDERITEM": "C50696892",
	"DESCRIPTION": "Manutencao Preventiva Mensal",
	"Start": "01.05.2020",
	"End": "04.05.2020",
	"FuncLoc": "RJ-B-BOM-PAV",
	"FuncLocDescription": "ESTACAO PAVUNA"
}, {
	"PLAN": 10066,
	"REFNUMBER": "C50696905",
	"ORDERITEM": "CALL",
	"DESCRIPTION": "Manutencao Preventiva Mensal",
	"Start": "22.11.2020",
	"End": "25.11.2020",
	"FuncLoc": "RJ-B-CAP-EST",
	"FuncLocDescription": "ESTACAO ESTACIO"
}, {
	"PLAN": 10067,
	"REFNUMBER": "C50696909",
	"ORDERITEM": "CALL",
	"DESCRIPTION": "Manutencao Preventiva Mensal",
	"Start": "18.12.2020",
	"End": "21.12.2020",
	"FuncLoc": "RJ-B-CAP-EST",
	"FuncLocDescription": "ESTACAO ESTACIO"
}, {
	"PLAN": 10068,
	"REFNUMBER": "C50696916",
	"ORDERITEM": "C50696916",
	"DESCRIPTION": "Manutencao Preventiva Mensal",
	"Start": "07.04.2020",
	"End": "10.04.2020",
	"FuncLoc": "RJ-B-CAP-EST",
	"FuncLocDescription": "ESTACAO ESTACIO"
}, {
	"PLAN": 10069,
	"REFNUMBER": "C50696931",
	"ORDERITEM": "CALL",
	"DESCRIPTION": "Manuntenção Preventiva Semestral",
	"Start": "22.08.2020",
	"End": "27.08.2020",
	"FuncLoc": "RJ-B-CAP-EST",
	"FuncLocDescription": "ESTACAO ESTACIO"
}, {
	"PLAN": 10069,
	"REFNUMBER": "C50696931",
	"ORDERITEM": "CALL",
	"DESCRIPTION": "Manuntenção Preventiva Semestral",
	"Start": "22.04.2021",
	"End": "27.04.2021",
	"FuncLoc": "RJ-B-CAP-EST",
	"FuncLocDescription": "ESTACAO ESTACIO"
}, {
	"PLAN": 10070,
	"REFNUMBER": "C50696935",
	"ORDERITEM": "CALL",
	"DESCRIPTION": "Manuntenção Preventiva Semestral",
	"Start": "20.12.2020",
	"End": "25.12.2020",
	"FuncLoc": "RJ-B-CAP-EST",
	"FuncLocDescription": "ESTACAO ESTACIO"
}, {
	"PLAN": 10070,
	"REFNUMBER": "C50696935",
	"ORDERITEM": "CALL",
	"DESCRIPTION": "Manuntenção Preventiva Semestral",
	"Start": "20.06.2020",
	"End": "25.06.2020",
	"FuncLoc": "RJ-B-CAP-EST",
	"FuncLocDescription": "ESTACAO ESTACIO"
}, {
	"PLAN": 10071,
	"REFNUMBER": "C50696939",
	"ORDERITEM": "CALL",
	"DESCRIPTION": "Manutencao Preventiva Mensal",
	"Start": "04.08.2020",
	"End": "07.08.2020",
	"FuncLoc": "RJ-B-CAP-PAV",
	"FuncLocDescription": "ESTACAO PAVUNA"
}, {
	"PLAN": 10072,
	"REFNUMBER": "C50696941",
	"ORDERITEM": "CALL",
	"DESCRIPTION": "Manutencao Preventiva Mensal",
	"Start": "10.09.2020",
	"End": "13.09.2020",
	"FuncLoc": "RJ-B-CAP-PAV",
	"FuncLocDescription": "ESTACAO PAVUNA"
}, {
	"PLAN": 10073,
	"REFNUMBER": "C50696942",
	"ORDERITEM": "CALL",
	"DESCRIPTION": "Manutencao Preventiva Mensal",
	"Start": "27.07.2020",
	"End": "30.07.2020",
	"FuncLoc": "RJ-B-CAP-PAV",
	"FuncLocDescription": "ESTACAO PAVUNA"
}, {
	"PLAN": 10074,
	"REFNUMBER": "C50696951",
	"ORDERITEM": "CALL",
	"DESCRIPTION": "Manutencao Preventiva Semanal",
	"Start": "18.06.2020",
	"End": "21.06.2020",
	"FuncLoc": "RJ-B-CAP-PAV-LBLQ-BL20",
	"FuncLocDescription": "BLOQUEIO 20 VIDRO ESPECIAL"
}, {
	"PLAN": 10075,
	"REFNUMBER": "C50697469",
	"ORDERITEM": "CALL",
	"DESCRIPTION": "Manutencao Preventiva Mensal",
	"Start": "18.06.2020",
	"End": "21.06.2020",
	"FuncLoc": "RJ-B-CAP-PAV-RCK1",
	"FuncLocDescription": "RACK 1  - SALA SEE"
}, {
	"PLAN": 10076,
	"REFNUMBER": "C50697470",
	"ORDERITEM": "CALL",
	"DESCRIPTION": "Manutencao Preventiva Mensal",
	"Start": "07.10.2020",
	"End": "10.10.2020",
	"FuncLoc": "RJ-B-ECR-EST-ER01",
	"FuncLocDescription": "ESCADA ROLANTE EST-ER01"
}, {
	"PLAN": 10077,
	"REFNUMBER": "C50697487",
	"ORDERITEM": "CALL",
	"DESCRIPTION": "Manutencao Preventiva Mensal",
	"Start": "07.07.2020",
	"End": "10.07.2020",
	"FuncLoc": "RJ-B-ECR-EST-ER02",
	"FuncLocDescription": "ESCADA ROLANTE EST-ER02"
}, {
	"PLAN": 10078,
	"REFNUMBER": "C50697488",
	"ORDERITEM": "CALL",
	"DESCRIPTION": "Manutencao Preventiva Mensal",
	"Start": "15.06.2020",
	"End": "18.06.2020",
	"FuncLoc": "RJ-B-ECR-EST-ER02",
	"FuncLocDescription": "ESCADA ROLANTE EST-ER02"
}, {
	"PLAN": 10079,
	"REFNUMBER": "C50697489",
	"ORDERITEM": "CALL",
	"DESCRIPTION": "Manutencao Preventiva Mensal",
	"Start": "18.08.2020",
	"End": "21.08.2020",
	"FuncLoc": "RJ-B-ECR-EST-ER03",
	"FuncLocDescription": "ESCADA ROLANTE EST-ER03"
}, {
	"PLAN": 10080,
	"REFNUMBER": "C50697490",
	"ORDERITEM": "CALL",
	"DESCRIPTION": "Manutencao Preventiva Mensal",
	"Start": "13.12.2020",
	"End": "16.12.2020",
	"FuncLoc": "RJ-B-ECR-EST-ER04",
	"FuncLocDescription": "ESCADA ROLANTE EST-ER04"
}, {
	"PLAN": "COR",
	"REFNUMBER": "C50698260",
	"ORDERITEM": "C50698260",
	"DESCRIPTION": "Cabo rompido sensor",
	"Start": "26.04.2020",
	"End": "06.05.2020",
	"FuncLoc": "RJ-B-ECR-EST-ER05",
	"FuncLocDescription": "ESCADA ROLANTE EST-ER05"
}, {
	"PLAN": 10081,
	"REFNUMBER": "C50699668",
	"ORDERITEM": "C50699668",
	"DESCRIPTION": "Manutencao Preventiva Mensal",
	"Start": "01.05.2020",
	"End": "04.05.2020",
	"FuncLoc": "RJ-B-ECR-EST-ER05",
	"FuncLocDescription": "ESCADA ROLANTE EST-ER05"
}, {
	"PLAN": 10082,
	"REFNUMBER": "C50700188",
	"ORDERITEM": "CALL",
	"DESCRIPTION": "Manutencao Preventiva Trianual",
	"Start": "14.11.2020",
	"End": "24.11.2020",
	"FuncLoc": "RJ-B-ECR-EST-ER06",
	"FuncLocDescription": "ESCADA ROLANTE EST-ER06"
}, {
	"PLAN": 10083,
	"REFNUMBER": "C50700189",
	"ORDERITEM": "C50700189",
	"DESCRIPTION": "Manutencao Preventiva Trianual",
	"Start": "28.04.2020",
	"End": "08.05.2020",
	"FuncLoc": "RJ-B-ECR-EST-ER07",
	"FuncLocDescription": "ESCADA ROLANTE EST-ER07"
}, {
	"PLAN": "COR",
	"REFNUMBER": "C50701535",
	"ORDERITEM": "C50701535",
	"DESCRIPTION": "Secador de mao avariado(16817)",
	"Start": "05.09.2020",
	"End": "15.09.2020",
	"FuncLoc": "RJ-B-ECR-EST-ER08",
	"FuncLocDescription": "ESCADA ROLANTE EST-ER08"
}, {
	"PLAN": "COR",
	"REFNUMBER": "C50701764",
	"ORDERITEM": "C50701764",
	"DESCRIPTION": "Reparo Guarda Corpo EXPT1",
	"Start": "05.10.2020",
	"End": "15.10.2020",
	"FuncLoc": "RJ-B-ECR-EST-ER09",
	"FuncLocDescription": "ESCADA ROLANTE EST-ER09"
}, {
	"PLAN": 10232,
	"REFNUMBER": "C50702007",
	"ORDERITEM": "C50702007",
	"DESCRIPTION": "Leitura de consumo de agua semanal",
	"Start": "01.04.2020",
	"End": "01.04.2020",
	"FuncLoc": "RJ-B-ECR-EST-ER10-HIDR",
	"FuncLocDescription": "HIDROMETRO PRINCIPAL"
}, {
	"PLAN": 10232,
	"REFNUMBER": "C50702007",
	"ORDERITEM": "C50702008",
	"DESCRIPTION": "Leitura de consumo de agua semanal",
	"Start": "08.04.2020",
	"End": "08.04.2020",
	"FuncLoc": "RJ-B-ECR-EST-ER10-HIDR",
	"FuncLocDescription": "HIDROMETRO PRINCIPAL"
}, {
	"PLAN": 10232,
	"REFNUMBER": "C50702007",
	"ORDERITEM": "C50702009",
	"DESCRIPTION": "Leitura de consumo de agua semanal",
	"Start": "15.04.2020",
	"End": "15.04.2020",
	"FuncLoc": "RJ-B-ECR-EST-ER10-HIDR",
	"FuncLocDescription": "HIDROMETRO PRINCIPAL"
}, {
	"PLAN": 10232,
	"REFNUMBER": "C50702007",
	"ORDERITEM": "C50702010",
	"DESCRIPTION": "Leitura de consumo de agua semanal",
	"Start": "22.04.2020",
	"End": "22.04.2020",
	"FuncLoc": "RJ-B-ECR-EST-ER10-HIDR",
	"FuncLocDescription": "HIDROMETRO PRINCIPAL"
}, {
	"PLAN": 10232,
	"REFNUMBER": "C50702007",
	"ORDERITEM": "C50702011",
	"DESCRIPTION": "Leitura de consumo de agua semanal",
	"Start": "29.04.2020",
	"End": "29.04.2020",
	"FuncLoc": "RJ-B-ECR-EST-ER10-HIDR",
	"FuncLocDescription": "HIDROMETRO PRINCIPAL"
}, {
	"PLAN": 10232,
	"REFNUMBER": "C50702007",
	"ORDERITEM": "C50702012",
	"DESCRIPTION": "Leitura de consumo de agua semanal",
	"Start": "06.05.2020",
	"End": "06.05.2020",
	"FuncLoc": "RJ-B-ECR-EST-ER10-HIDR",
	"FuncLocDescription": "HIDROMETRO PRINCIPAL"
}, {
	"PLAN": 10232,
	"REFNUMBER": "C50702007",
	"ORDERITEM": "C50702013",
	"DESCRIPTION": "Leitura de consumo de agua semanal",
	"Start": "13.05.2020",
	"End": "13.05.2020",
	"FuncLoc": "RJ-B-ECR-EST-ER10-HIDR",
	"FuncLocDescription": "HIDROMETRO PRINCIPAL"
}, {
	"PLAN": 10232,
	"REFNUMBER": "C50702007",
	"ORDERITEM": "C50702014",
	"DESCRIPTION": "Leitura de consumo de agua semanal",
	"Start": "20.05.2020",
	"End": "20.05.2020",
	"FuncLoc": "RJ-B-ECR-EST-ER10-HIDR",
	"FuncLocDescription": "HIDROMETRO PRINCIPAL"
}, {
	"PLAN": 10232,
	"REFNUMBER": "C50702007",
	"ORDERITEM": "C50702015",
	"DESCRIPTION": "Leitura de consumo de agua semanal",
	"Start": "27.05.2020",
	"End": "27.05.2020",
	"FuncLoc": "RJ-B-ECR-EST-ER10-HIDR",
	"FuncLocDescription": "HIDROMETRO PRINCIPAL"
}, {
	"PLAN": 10232,
	"REFNUMBER": "C50702007",
	"ORDERITEM": "CALL",
	"DESCRIPTION": "Leitura de consumo de agua semanal",
	"Start": "03.06.2020",
	"End": "03.06.2020",
	"FuncLoc": "RJ-B-ECR-EST-ER10-HIDR",
	"FuncLocDescription": "HIDROMETRO PRINCIPAL"
}, {
	"PLAN": 10232,
	"REFNUMBER": "C50702007",
	"ORDERITEM": "CALL",
	"DESCRIPTION": "Leitura de consumo de agua semanal",
	"Start": "10.06.2020",
	"End": "10.06.2020",
	"FuncLoc": "RJ-B-ECR-EST-ER10-HIDR",
	"FuncLocDescription": "HIDROMETRO PRINCIPAL"
}, {
	"PLAN": 10232,
	"REFNUMBER": "C50702007",
	"ORDERITEM": "CALL",
	"DESCRIPTION": "Leitura de consumo de agua semanal",
	"Start": "17.06.2020",
	"End": "17.06.2020",
	"FuncLoc": "RJ-B-ECR-EST-ER10-HIDR",
	"FuncLocDescription": "HIDROMETRO PRINCIPAL"
}, {
	"PLAN": 10232,
	"REFNUMBER": "C50702007",
	"ORDERITEM": "CALL",
	"DESCRIPTION": "Leitura de consumo de agua semanal",
	"Start": "24.06.2020",
	"End": "24.06.2020",
	"FuncLoc": "RJ-B-ECR-EST-ER10-HIDR",
	"FuncLocDescription": "HIDROMETRO PRINCIPAL"
}, {
	"PLAN": 10232,
	"REFNUMBER": "C50702007",
	"ORDERITEM": "CALL",
	"DESCRIPTION": "Leitura de consumo de agua semanal",
	"Start": "01.07.2020",
	"End": "01.07.2020",
	"FuncLoc": "RJ-B-ECR-EST-ER10-HIDR",
	"FuncLocDescription": "HIDROMETRO PRINCIPAL"
}, {
	"PLAN": 10232,
	"REFNUMBER": "C50702007",
	"ORDERITEM": "CALL",
	"DESCRIPTION": "Leitura de consumo de agua semanal",
	"Start": "08.07.2020",
	"End": "08.07.2020",
	"FuncLoc": "RJ-B-ECR-EST-ER10-HIDR",
	"FuncLocDescription": "HIDROMETRO PRINCIPAL"
}, {
	"PLAN": 10232,
	"REFNUMBER": "C50702007",
	"ORDERITEM": "CALL",
	"DESCRIPTION": "Leitura de consumo de agua semanal",
	"Start": "15.07.2020",
	"End": "15.07.2020",
	"FuncLoc": "RJ-B-ECR-EST-ER10-HIDR",
	"FuncLocDescription": "HIDROMETRO PRINCIPAL"
}, {
	"PLAN": 10232,
	"REFNUMBER": "C50702007",
	"ORDERITEM": "CALL",
	"DESCRIPTION": "Leitura de consumo de agua semanal",
	"Start": "22.07.2020",
	"End": "22.07.2020",
	"FuncLoc": "RJ-B-ECR-EST-ER10-HIDR",
	"FuncLocDescription": "HIDROMETRO PRINCIPAL"
}, {
	"PLAN": 10232,
	"REFNUMBER": "C50702007",
	"ORDERITEM": "CALL",
	"DESCRIPTION": "Leitura de consumo de agua semanal",
	"Start": "29.07.2020",
	"End": "29.07.2020",
	"FuncLoc": "RJ-B-ECR-EST-ER10-HIDR",
	"FuncLocDescription": "HIDROMETRO PRINCIPAL"
}, {
	"PLAN": 10232,
	"REFNUMBER": "C50702007",
	"ORDERITEM": "CALL",
	"DESCRIPTION": "Leitura de consumo de agua semanal",
	"Start": "05.08.2020",
	"End": "05.08.2020",
	"FuncLoc": "RJ-B-ECR-EST-ER10-HIDR",
	"FuncLocDescription": "HIDROMETRO PRINCIPAL"
}, {
	"PLAN": 10232,
	"REFNUMBER": "C50702007",
	"ORDERITEM": "CALL",
	"DESCRIPTION": "Leitura de consumo de agua semanal",
	"Start": "12.08.2020",
	"End": "12.08.2020",
	"FuncLoc": "RJ-B-ECR-EST-ER10-HIDR",
	"FuncLocDescription": "HIDROMETRO PRINCIPAL"
}, {
	"PLAN": 10232,
	"REFNUMBER": "C50702007",
	"ORDERITEM": "CALL",
	"DESCRIPTION": "Leitura de consumo de agua semanal",
	"Start": "19.08.2020",
	"End": "19.08.2020",
	"FuncLoc": "RJ-B-ECR-EST-ER10-HIDR",
	"FuncLocDescription": "HIDROMETRO PRINCIPAL"
}, {
	"PLAN": 10232,
	"REFNUMBER": "C50702007",
	"ORDERITEM": "CALL",
	"DESCRIPTION": "Leitura de consumo de agua semanal",
	"Start": "26.08.2020",
	"End": "26.08.2020",
	"FuncLoc": "RJ-B-ECR-EST-ER10-HIDR",
	"FuncLocDescription": "HIDROMETRO PRINCIPAL"
}, {
	"PLAN": 10232,
	"REFNUMBER": "C50702007",
	"ORDERITEM": "CALL",
	"DESCRIPTION": "Leitura de consumo de agua semanal",
	"Start": "02.09.2020",
	"End": "02.09.2020",
	"FuncLoc": "RJ-B-ECR-EST-ER10-HIDR",
	"FuncLocDescription": "HIDROMETRO PRINCIPAL"
}, {
	"PLAN": 10232,
	"REFNUMBER": "C50702007",
	"ORDERITEM": "CALL",
	"DESCRIPTION": "Leitura de consumo de agua semanal",
	"Start": "09.09.2020",
	"End": "09.09.2020",
	"FuncLoc": "RJ-B-ECR-EST-ER10-HIDR",
	"FuncLocDescription": "HIDROMETRO PRINCIPAL"
}, {
	"PLAN": 10232,
	"REFNUMBER": "C50702007",
	"ORDERITEM": "CALL",
	"DESCRIPTION": "Leitura de consumo de agua semanal",
	"Start": "16.09.2020",
	"End": "16.09.2020",
	"FuncLoc": "RJ-B-ECR-EST-ER10-HIDR",
	"FuncLocDescription": "HIDROMETRO PRINCIPAL"
}, {
	"PLAN": 10232,
	"REFNUMBER": "C50702007",
	"ORDERITEM": "CALL",
	"DESCRIPTION": "Leitura de consumo de agua semanal",
	"Start": "23.09.2020",
	"End": "23.09.2020",
	"FuncLoc": "RJ-B-ECR-EST-ER10-HIDR",
	"FuncLocDescription": "HIDROMETRO PRINCIPAL"
}, {
	"PLAN": 10232,
	"REFNUMBER": "C50702007",
	"ORDERITEM": "CALL",
	"DESCRIPTION": "Leitura de consumo de agua semanal",
	"Start": "30.09.2020",
	"End": "30.09.2020",
	"FuncLoc": "RJ-B-ECR-EST-ER10-HIDR",
	"FuncLocDescription": "HIDROMETRO PRINCIPAL"
}, {
	"PLAN": 10232,
	"REFNUMBER": "C50702007",
	"ORDERITEM": "CALL",
	"DESCRIPTION": "Leitura de consumo de agua semanal",
	"Start": "07.10.2020",
	"End": "07.10.2020",
	"FuncLoc": "RJ-B-ECR-EST-ER10-HIDR",
	"FuncLocDescription": "HIDROMETRO PRINCIPAL"
}, {
	"PLAN": 10232,
	"REFNUMBER": "C50702007",
	"ORDERITEM": "CALL",
	"DESCRIPTION": "Leitura de consumo de agua semanal",
	"Start": "14.10.2020",
	"End": "14.10.2020",
	"FuncLoc": "RJ-B-ECR-EST-ER10-HIDR",
	"FuncLocDescription": "HIDROMETRO PRINCIPAL"
}, {
	"PLAN": 10232,
	"REFNUMBER": "C50702007",
	"ORDERITEM": "CALL",
	"DESCRIPTION": "Leitura de consumo de agua semanal",
	"Start": "21.10.2020",
	"End": "21.10.2020",
	"FuncLoc": "RJ-B-ECR-EST-ER10-HIDR",
	"FuncLocDescription": "HIDROMETRO PRINCIPAL"
}, {
	"PLAN": 10232,
	"REFNUMBER": "C50702007",
	"ORDERITEM": "CALL",
	"DESCRIPTION": "Leitura de consumo de agua semanal",
	"Start": "28.10.2020",
	"End": "28.10.2020",
	"FuncLoc": "RJ-B-ECR-EST-ER10-HIDR",
	"FuncLocDescription": "HIDROMETRO PRINCIPAL"
}, {
	"PLAN": 10232,
	"REFNUMBER": "C50702007",
	"ORDERITEM": "CALL",
	"DESCRIPTION": "Leitura de consumo de agua semanal",
	"Start": "04.11.2020",
	"End": "04.11.2020",
	"FuncLoc": "RJ-B-ECR-EST-ER10-HIDR",
	"FuncLocDescription": "HIDROMETRO PRINCIPAL"
}, {
	"PLAN": 10232,
	"REFNUMBER": "C50702007",
	"ORDERITEM": "CALL",
	"DESCRIPTION": "Leitura de consumo de agua semanal",
	"Start": "11.11.2020",
	"End": "11.11.2020",
	"FuncLoc": "RJ-B-ECR-EST-ER10-HIDR",
	"FuncLocDescription": "HIDROMETRO PRINCIPAL"
}, {
	"PLAN": 10232,
	"REFNUMBER": "C50702007",
	"ORDERITEM": "CALL",
	"DESCRIPTION": "Leitura de consumo de agua semanal",
	"Start": "18.11.2020",
	"End": "18.11.2020",
	"FuncLoc": "RJ-B-ECR-EST-ER10-HIDR",
	"FuncLocDescription": "HIDROMETRO PRINCIPAL"
}, {
	"PLAN": 10232,
	"REFNUMBER": "C50702007",
	"ORDERITEM": "CALL",
	"DESCRIPTION": "Leitura de consumo de agua semanal",
	"Start": "25.11.2020",
	"End": "25.11.2020",
	"FuncLoc": "RJ-B-ECR-EST-ER10-HIDR",
	"FuncLocDescription": "HIDROMETRO PRINCIPAL"
}, {
	"PLAN": 10232,
	"REFNUMBER": "C50702007",
	"ORDERITEM": "CALL",
	"DESCRIPTION": "Leitura de consumo de agua semanal",
	"Start": "02.12.2020",
	"End": "02.12.2020",
	"FuncLoc": "RJ-B-ECR-EST-ER10-HIDR",
	"FuncLocDescription": "HIDROMETRO PRINCIPAL"
}, {
	"PLAN": 10232,
	"REFNUMBER": "C50702007",
	"ORDERITEM": "CALL",
	"DESCRIPTION": "Leitura de consumo de agua semanal",
	"Start": "09.12.2020",
	"End": "09.12.2020",
	"FuncLoc": "RJ-B-ECR-EST-ER10-HIDR",
	"FuncLocDescription": "HIDROMETRO PRINCIPAL"
}, {
	"PLAN": 10232,
	"REFNUMBER": "C50702007",
	"ORDERITEM": "CALL",
	"DESCRIPTION": "Leitura de consumo de agua semanal",
	"Start": "16.12.2020",
	"End": "16.12.2020",
	"FuncLoc": "RJ-B-ECR-EST-ER10-HIDR",
	"FuncLocDescription": "HIDROMETRO PRINCIPAL"
}, {
	"PLAN": 10232,
	"REFNUMBER": "C50702007",
	"ORDERITEM": "CALL",
	"DESCRIPTION": "Leitura de consumo de agua semanal",
	"Start": "23.12.2020",
	"End": "23.12.2020",
	"FuncLoc": "RJ-B-ECR-EST-ER10-HIDR",
	"FuncLocDescription": "HIDROMETRO PRINCIPAL"
}, {
	"PLAN": 10232,
	"REFNUMBER": "C50702007",
	"ORDERITEM": "CALL",
	"DESCRIPTION": "Leitura de consumo de agua semanal",
	"Start": "30.12.2020",
	"End": "30.12.2020",
	"FuncLoc": "RJ-B-ECR-EST-ER10-HIDR",
	"FuncLocDescription": "HIDROMETRO PRINCIPAL"
}, {
	"PLAN": 10232,
	"REFNUMBER": "C50702007",
	"ORDERITEM": "CALL",
	"DESCRIPTION": "Leitura de consumo de agua semanal",
	"Start": "06.01.2021",
	"End": "06.01.2021",
	"FuncLoc": "RJ-B-ECR-EST-ER10-HIDR",
	"FuncLocDescription": "HIDROMETRO PRINCIPAL"
}, {
	"PLAN": 10232,
	"REFNUMBER": "C50702007",
	"ORDERITEM": "CALL",
	"DESCRIPTION": "Leitura de consumo de agua semanal",
	"Start": "13.01.2021",
	"End": "13.01.2021",
	"FuncLoc": "RJ-B-ECR-EST-ER10-HIDR",
	"FuncLocDescription": "HIDROMETRO PRINCIPAL"
}, {
	"PLAN": 10232,
	"REFNUMBER": "C50702007",
	"ORDERITEM": "CALL",
	"DESCRIPTION": "Leitura de consumo de agua semanal",
	"Start": "20.01.2021",
	"End": "20.01.2021",
	"FuncLoc": "RJ-B-ECR-EST-ER10-HIDR",
	"FuncLocDescription": "HIDROMETRO PRINCIPAL"
}, {
	"PLAN": 10232,
	"REFNUMBER": "C50702007",
	"ORDERITEM": "CALL",
	"DESCRIPTION": "Leitura de consumo de agua semanal",
	"Start": "27.01.2021",
	"End": "27.01.2021",
	"FuncLoc": "RJ-B-ECR-EST-ER10-HIDR",
	"FuncLocDescription": "HIDROMETRO PRINCIPAL"
}, {
	"PLAN": 10232,
	"REFNUMBER": "C50702007",
	"ORDERITEM": "CALL",
	"DESCRIPTION": "Leitura de consumo de agua semanal",
	"Start": "03.02.2021",
	"End": "03.02.2021",
	"FuncLoc": "RJ-B-ECR-EST-ER10-HIDR",
	"FuncLocDescription": "HIDROMETRO PRINCIPAL"
}, {
	"PLAN": 10232,
	"REFNUMBER": "C50702007",
	"ORDERITEM": "CALL",
	"DESCRIPTION": "Leitura de consumo de agua semanal",
	"Start": "10.02.2021",
	"End": "10.02.2021",
	"FuncLoc": "RJ-B-ECR-EST-ER10-HIDR",
	"FuncLocDescription": "HIDROMETRO PRINCIPAL"
}, {
	"PLAN": 10232,
	"REFNUMBER": "C50702007",
	"ORDERITEM": "CALL",
	"DESCRIPTION": "Leitura de consumo de agua semanal",
	"Start": "17.02.2021",
	"End": "17.02.2021",
	"FuncLoc": "RJ-B-ECR-EST-ER10-HIDR",
	"FuncLocDescription": "HIDROMETRO PRINCIPAL"
}, {
	"PLAN": 10232,
	"REFNUMBER": "C50702007",
	"ORDERITEM": "CALL",
	"DESCRIPTION": "Leitura de consumo de agua semanal",
	"Start": "24.02.2021",
	"End": "24.02.2021",
	"FuncLoc": "RJ-B-ECR-EST-ER10-HIDR",
	"FuncLocDescription": "HIDROMETRO PRINCIPAL"
}, {
	"PLAN": 10232,
	"REFNUMBER": "C50702007",
	"ORDERITEM": "CALL",
	"DESCRIPTION": "Leitura de consumo de agua semanal",
	"Start": "03.03.2021",
	"End": "03.03.2021",
	"FuncLoc": "RJ-B-ECR-EST-ER10-HIDR",
	"FuncLocDescription": "HIDROMETRO PRINCIPAL"
}, {
	"PLAN": 10232,
	"REFNUMBER": "C50702007",
	"ORDERITEM": "CALL",
	"DESCRIPTION": "Leitura de consumo de agua semanal",
	"Start": "10.03.2021",
	"End": "10.03.2021",
	"FuncLoc": "RJ-B-ECR-EST-ER10-HIDR",
	"FuncLocDescription": "HIDROMETRO PRINCIPAL"
}, {
	"PLAN": 10232,
	"REFNUMBER": "C50702007",
	"ORDERITEM": "CALL",
	"DESCRIPTION": "Leitura de consumo de agua semanal",
	"Start": "17.03.2021",
	"End": "17.03.2021",
	"FuncLoc": "RJ-B-ECR-EST-ER10-HIDR",
	"FuncLocDescription": "HIDROMETRO PRINCIPAL"
}, {
	"PLAN": 10232,
	"REFNUMBER": "C50702007",
	"ORDERITEM": "CALL",
	"DESCRIPTION": "Leitura de consumo de agua semanal",
	"Start": "24.03.2021",
	"End": "24.03.2021",
	"FuncLoc": "RJ-B-ECR-EST-ER10-HIDR",
	"FuncLocDescription": "HIDROMETRO PRINCIPAL"
}, {
	"PLAN": 10232,
	"REFNUMBER": "C50702007",
	"ORDERITEM": "CALL",
	"DESCRIPTION": "Leitura de consumo de agua semanal",
	"Start": "31.03.2021",
	"End": "31.03.2021",
	"FuncLoc": "RJ-B-ECR-EST-ER10-HIDR",
	"FuncLocDescription": "HIDROMETRO PRINCIPAL"
}, {
	"PLAN": 10232,
	"REFNUMBER": "C50702007",
	"ORDERITEM": "CALL",
	"DESCRIPTION": "Leitura de consumo de agua semanal",
	"Start": "07.04.2021",
	"End": "07.04.2021",
	"FuncLoc": "RJ-B-ECR-EST-ER10-HIDR",
	"FuncLocDescription": "HIDROMETRO PRINCIPAL"
}, {
	"PLAN": 10232,
	"REFNUMBER": "C50702007",
	"ORDERITEM": "CALL",
	"DESCRIPTION": "Leitura de consumo de agua semanal",
	"Start": "14.04.2021",
	"End": "14.04.2021",
	"FuncLoc": "RJ-B-ECR-EST-ER10-HIDR",
	"FuncLocDescription": "HIDROMETRO PRINCIPAL"
}, {
	"PLAN": "COR",
	"REFNUMBER": "C50702270",
	"ORDERITEM": "C50702270",
	"DESCRIPTION": "Melhoria Guarda Corpo",
	"Start": "09.08.2020",
	"End": "19.08.2020",
	"FuncLoc": "RJ-B-ECR-EST-ER10",
	"FuncLocDescription": "ESCADA ROLANTE ER10"
}, {
	"PLAN": 10203,
	"REFNUMBER": "C50702903",
	"ORDERITEM": "CALL",
	"DESCRIPTION": "Manutencao Preventiva Quinzenal",
	"Start": "16.09.2020",
	"End": "19.09.2020",
	"FuncLoc": "RJ-B-ECR-PAV-ER01",
	"FuncLocDescription": "ESCADA ROLANTE PAV-ER01"
}, {
	"PLAN": 10203,
	"REFNUMBER": "C50702903",
	"ORDERITEM": "CALL",
	"DESCRIPTION": "Manutencao Preventiva Quinzenal",
	"Start": "01.10.2020",
	"End": "04.10.2020",
	"FuncLoc": "RJ-B-ECR-PAV-ER01",
	"FuncLocDescription": "ESCADA ROLANTE PAV-ER01"
}, {
	"PLAN": 10203,
	"REFNUMBER": "C50702903",
	"ORDERITEM": "CALL",
	"DESCRIPTION": "Manutencao Preventiva Quinzenal",
	"Start": "16.10.2020",
	"End": "19.10.2020",
	"FuncLoc": "RJ-B-ECR-PAV-ER01",
	"FuncLocDescription": "ESCADA ROLANTE PAV-ER01"
}, {
	"PLAN": 10203,
	"REFNUMBER": "C50702903",
	"ORDERITEM": "CALL",
	"DESCRIPTION": "Manutencao Preventiva Quinzenal",
	"Start": "01.11.2020",
	"End": "04.11.2020",
	"FuncLoc": "RJ-B-ECR-PAV-ER01",
	"FuncLocDescription": "ESCADA ROLANTE PAV-ER01"
}, {
	"PLAN": 10203,
	"REFNUMBER": "C50702903",
	"ORDERITEM": "CALL",
	"DESCRIPTION": "Manutencao Preventiva Quinzenal",
	"Start": "16.11.2020",
	"End": "19.11.2020",
	"FuncLoc": "RJ-B-ECR-PAV-ER01",
	"FuncLocDescription": "ESCADA ROLANTE PAV-ER01"
}, {
	"PLAN": 10203,
	"REFNUMBER": "C50702903",
	"ORDERITEM": "CALL",
	"DESCRIPTION": "Manutencao Preventiva Quinzenal",
	"Start": "01.12.2020",
	"End": "04.12.2020",
	"FuncLoc": "RJ-B-ECR-PAV-ER01",
	"FuncLocDescription": "ESCADA ROLANTE PAV-ER01"
}, {
	"PLAN": 10203,
	"REFNUMBER": "C50702903",
	"ORDERITEM": "CALL",
	"DESCRIPTION": "Manutencao Preventiva Quinzenal",
	"Start": "16.12.2020",
	"End": "19.12.2020",
	"FuncLoc": "RJ-B-ECR-PAV-ER01",
	"FuncLocDescription": "ESCADA ROLANTE PAV-ER01"
}, {
	"PLAN": 10203,
	"REFNUMBER": "C50702903",
	"ORDERITEM": "CALL",
	"DESCRIPTION": "Manutencao Preventiva Quinzenal",
	"Start": "01.01.2021",
	"End": "04.01.2021",
	"FuncLoc": "RJ-B-ECR-PAV-ER01",
	"FuncLocDescription": "ESCADA ROLANTE PAV-ER01"
}, {
	"PLAN": 10203,
	"REFNUMBER": "C50702903",
	"ORDERITEM": "CALL",
	"DESCRIPTION": "Manutencao Preventiva Quinzenal",
	"Start": "16.01.2021",
	"End": "19.01.2021",
	"FuncLoc": "RJ-B-ECR-PAV-ER01",
	"FuncLocDescription": "ESCADA ROLANTE PAV-ER01"
}, {
	"PLAN": 10203,
	"REFNUMBER": "C50702903",
	"ORDERITEM": "CALL",
	"DESCRIPTION": "Manutencao Preventiva Quinzenal",
	"Start": "01.02.2021",
	"End": "04.02.2021",
	"FuncLoc": "RJ-B-ECR-PAV-ER01",
	"FuncLocDescription": "ESCADA ROLANTE PAV-ER01"
}, {
	"PLAN": 10203,
	"REFNUMBER": "C50702903",
	"ORDERITEM": "CALL",
	"DESCRIPTION": "Manutencao Preventiva Quinzenal",
	"Start": "16.02.2021",
	"End": "19.02.2021",
	"FuncLoc": "RJ-B-ECR-PAV-ER01",
	"FuncLocDescription": "ESCADA ROLANTE PAV-ER01"
}, {
	"PLAN": 10203,
	"REFNUMBER": "C50702903",
	"ORDERITEM": "CALL",
	"DESCRIPTION": "Manutencao Preventiva Quinzenal",
	"Start": "01.03.2021",
	"End": "04.03.2021",
	"FuncLoc": "RJ-B-ECR-PAV-ER01",
	"FuncLocDescription": "ESCADA ROLANTE PAV-ER01"
}, {
	"PLAN": 10203,
	"REFNUMBER": "C50702903",
	"ORDERITEM": "CALL",
	"DESCRIPTION": "Manutencao Preventiva Quinzenal",
	"Start": "16.03.2021",
	"End": "19.03.2021",
	"FuncLoc": "RJ-B-ECR-PAV-ER01",
	"FuncLocDescription": "ESCADA ROLANTE PAV-ER01"
}, {
	"PLAN": 10203,
	"REFNUMBER": "C50702903",
	"ORDERITEM": "CALL",
	"DESCRIPTION": "Manutencao Preventiva Quinzenal",
	"Start": "01.04.2021",
	"End": "04.04.2021",
	"FuncLoc": "RJ-B-ECR-PAV-ER01",
	"FuncLocDescription": "ESCADA ROLANTE PAV-ER01"
}, {
	"PLAN": 10203,
	"REFNUMBER": "C50702903",
	"ORDERITEM": "CALL",
	"DESCRIPTION": "Manutencao Preventiva Quinzenal",
	"Start": "16.04.2021",
	"End": "19.04.2021",
	"FuncLoc": "RJ-B-ECR-PAV-ER01",
	"FuncLocDescription": "ESCADA ROLANTE PAV-ER01"
}, {
	"PLAN": 10203,
	"REFNUMBER": "C50702903",
	"ORDERITEM": "CALL",
	"DESCRIPTION": "Manutencao Preventiva Quinzenal",
	"Start": "01.05.2021",
	"End": "04.05.2021",
	"FuncLoc": "RJ-B-ECR-PAV-ER01",
	"FuncLocDescription": "ESCADA ROLANTE PAV-ER01"
}, {
	"PLAN": 10203,
	"REFNUMBER": "C50702903",
	"ORDERITEM": "CALL",
	"DESCRIPTION": "Manutencao Preventiva Quinzenal",
	"Start": "16.05.2021",
	"End": "19.05.2021",
	"FuncLoc": "RJ-B-ECR-PAV-ER01",
	"FuncLocDescription": "ESCADA ROLANTE PAV-ER01"
}, {
	"PLAN": 10203,
	"REFNUMBER": "C50702903",
	"ORDERITEM": "CALL",
	"DESCRIPTION": "Manutencao Preventiva Quinzenal",
	"Start": "01.06.2021",
	"End": "04.06.2021",
	"FuncLoc": "RJ-B-ECR-PAV-ER01",
	"FuncLocDescription": "ESCADA ROLANTE PAV-ER01"
}, {
	"PLAN": 10203,
	"REFNUMBER": "C50702903",
	"ORDERITEM": "CALL",
	"DESCRIPTION": "Manutencao Preventiva Quinzenal",
	"Start": "16.06.2021",
	"End": "19.06.2021",
	"FuncLoc": "RJ-B-ECR-PAV-ER01",
	"FuncLocDescription": "ESCADA ROLANTE PAV-ER01"
}, {
	"PLAN": 10203,
	"REFNUMBER": "C50702903",
	"ORDERITEM": "CALL",
	"DESCRIPTION": "Manutencao Preventiva Quinzenal",
	"Start": "01.07.2021",
	"End": "04.07.2021",
	"FuncLoc": "RJ-B-ECR-PAV-ER01",
	"FuncLocDescription": "ESCADA ROLANTE PAV-ER01"
}, {
	"PLAN": 10203,
	"REFNUMBER": "C50702903",
	"ORDERITEM": "CALL",
	"DESCRIPTION": "Manutencao Preventiva Quinzenal",
	"Start": "16.07.2021",
	"End": "19.07.2021",
	"FuncLoc": "RJ-B-ECR-PAV-ER01",
	"FuncLocDescription": "ESCADA ROLANTE PAV-ER01"
}, {
	"PLAN": 10203,
	"REFNUMBER": "C50702903",
	"ORDERITEM": "CALL",
	"DESCRIPTION": "Manutencao Preventiva Quinzenal",
	"Start": "01.08.2021",
	"End": "04.08.2021",
	"FuncLoc": "RJ-B-ECR-PAV-ER01",
	"FuncLocDescription": "ESCADA ROLANTE PAV-ER01"
}, {
	"PLAN": 10203,
	"REFNUMBER": "C50702903",
	"ORDERITEM": "CALL",
	"DESCRIPTION": "Manutencao Preventiva Quinzenal",
	"Start": "16.08.2021",
	"End": "19.08.2021",
	"FuncLoc": "RJ-B-ECR-PAV-ER01",
	"FuncLocDescription": "ESCADA ROLANTE PAV-ER01"
}, {
	"PLAN": 10203,
	"REFNUMBER": "C50702903",
	"ORDERITEM": "CALL",
	"DESCRIPTION": "Manutencao Preventiva Quinzenal",
	"Start": "01.09.2021",
	"End": "04.09.2021",
	"FuncLoc": "RJ-B-ECR-PAV-ER01",
	"FuncLocDescription": "ESCADA ROLANTE PAV-ER01"
}, {
	"PLAN": 10203,
	"REFNUMBER": "C50702903",
	"ORDERITEM": "CALL",
	"DESCRIPTION": "Manutencao Preventiva Quinzenal",
	"Start": "16.09.2021",
	"End": "19.09.2021",
	"FuncLoc": "RJ-B-ECR-PAV-ER01",
	"FuncLocDescription": "ESCADA ROLANTE PAV-ER01"
}, {
	"PLAN": 10204,
	"REFNUMBER": "C50704171",
	"ORDERITEM": "CALL",
	"DESCRIPTION": "Manuntenção preventiva anual",
	"Start": "28.09.2020",
	"End": "08.10.2020",
	"FuncLoc": "RJ-B-ECR-PAV-ER02",
	"FuncLocDescription": "ESCADA ROLANTE PAV-ER02"
}, {
	"PLAN": 10205,
	"REFNUMBER": "C50704238",
	"ORDERITEM": "CALL",
	"DESCRIPTION": "Manutencao Preventiva Anual",
	"Start": "02.08.2020",
	"End": "12.08.2020",
	"FuncLoc": "RJ-B-ECR-PAV-ER03",
	"FuncLocDescription": "ESCADA ROLANTE PAV-ER03"
}, {
	"PLAN": 10206,
	"REFNUMBER": "C50704239",
	"ORDERITEM": "CALL",
	"DESCRIPTION": "Manutencao Preventiva Mensal",
	"Start": "21.12.2020",
	"End": "24.12.2020",
	"FuncLoc": "RJ-B-ECR-PAV-ER04",
	"FuncLocDescription": "ESCADA ROLANTE PAV-ER04"
}, {
	"PLAN": 10207,
	"REFNUMBER": "C50704240",
	"ORDERITEM": "CALL",
	"DESCRIPTION": "Manutencao Preventiva Mensal",
	"Start": "17.08.2020",
	"End": "20.08.2020",
	"FuncLoc": "RJ-B-ECR-PAV-ER05",
	"FuncLocDescription": "ESCADA ROLANTE PAV-ER05"
}, {
	"PLAN": 10208,
	"REFNUMBER": "C50704282",
	"ORDERITEM": "CALL",
	"DESCRIPTION": "Manutencao Preventiva Mensal",
	"Start": "12.12.2020",
	"End": "15.12.2020",
	"FuncLoc": "RJ-B-ECR-PAV-ER06",
	"FuncLocDescription": "ESCADA ROLANTE PAV-ER06"
}, {
	"PLAN": 10209,
	"REFNUMBER": "C50704329",
	"ORDERITEM": "CALL",
	"DESCRIPTION": "Manutencao Preventiva Semanal",
	"Start": "23.08.2020",
	"End": "26.08.2020",
	"FuncLoc": "RJ-B-ECR-PAV-ER07",
	"FuncLocDescription": "ESCADA ROLANTE PAV-ER07"
}, {
	"PLAN": 10210,
	"REFNUMBER": "C50704350",
	"ORDERITEM": "C50704350",
	"DESCRIPTION": "Manutencao Preventiva Mensal",
	"Start": "06.05.2020",
	"End": "09.05.2020",
	"FuncLoc": "RJ-B-ECR-PAV-ER08",
	"FuncLocDescription": "ESCADA ROLANTE PAV-ER08"
}, {
	"PLAN": 10211,
	"REFNUMBER": "C50704366",
	"ORDERITEM": "C50704366",
	"DESCRIPTION": "Manutencao Preventiva Mensal",
	"Start": "04.04.2020",
	"End": "07.04.2020",
	"FuncLoc": "RJ-B-ECR-PAV-ER09",
	"FuncLocDescription": "ESCADA ROLANTE PAV-ER09"
}, {
	"PLAN": 10212,
	"REFNUMBER": "C50704367",
	"ORDERITEM": "CALL",
	"DESCRIPTION": "Manutencao Preventiva Mensal",
	"Start": "07.12.2020",
	"End": "10.12.2020",
	"FuncLoc": "RJ-B-ECR-PAV-ER10",
	"FuncLocDescription": "ESCADA ROLANTE PAV-ER10"
}, {
	"PLAN": 10213,
	"REFNUMBER": "C50704389",
	"ORDERITEM": "CALL",
	"DESCRIPTION": "Manutencao Preventiva Mensal",
	"Start": "04.06.2020",
	"End": "07.06.2020",
	"FuncLoc": "RJ-B-ECR-PAV-ER11",
	"FuncLocDescription": "ESCADA ROLANTE PAV-ER11"
}, {
	"PLAN": 10214,
	"REFNUMBER": "C50704403",
	"ORDERITEM": "CALL",
	"DESCRIPTION": "Manuntenção Preventiva Semestral",
	"Start": "14.09.2020",
	"End": "19.09.2020",
	"FuncLoc": "RJ-B-ECR-PAV-ER12",
	"FuncLocDescription": "ESCADA ROLANTE PAV-ER12"
}, {
	"PLAN": 10214,
	"REFNUMBER": "C50704403",
	"ORDERITEM": "CALL",
	"DESCRIPTION": "Manuntenção Preventiva Semestral",
	"Start": "13.03.2021",
	"End": "18.03.2021",
	"FuncLoc": "RJ-B-ECR-PAV-ER12",
	"FuncLocDescription": "ESCADA ROLANTE PAV-ER12"
}, {
	"PLAN": 10215,
	"REFNUMBER": "C50704407",
	"ORDERITEM": "CALL",
	"DESCRIPTION": "Manuntenção Preventiva Semestral",
	"Start": "02.06.2020",
	"End": "07.06.2020",
	"FuncLoc": "RJ-B-ECR-PAV-ER13",
	"FuncLocDescription": "ESCADA ROLANTE PAV-ER13"
}, {
	"PLAN": 10215,
	"REFNUMBER": "C50704407",
	"ORDERITEM": "CALL",
	"DESCRIPTION": "Manuntenção Preventiva Semestral",
	"Start": "01.09.2020",
	"End": "06.09.2020",
	"FuncLoc": "RJ-B-ECR-PAV-ER13",
	"FuncLocDescription": "ESCADA ROLANTE PAV-ER13"
}, {
	"PLAN": 10216,
	"REFNUMBER": "C50704413",
	"ORDERITEM": "CALL",
	"DESCRIPTION": "Manutencao Preventiva Quinzenal",
	"Start": "09.08.2020",
	"End": "12.08.2020",
	"FuncLoc": "RJ-B-ELV-EST-EL01",
	"FuncLocDescription": "ELEVADOR ELETRICO EST-EL01"
}, {
	"PLAN": 10216,
	"REFNUMBER": "C50704413",
	"ORDERITEM": "CALL",
	"DESCRIPTION": "Manutencao Preventiva Quinzenal",
	"Start": "24.08.2020",
	"End": "27.08.2020",
	"FuncLoc": "RJ-B-ELV-EST-EL01",
	"FuncLocDescription": "ELEVADOR ELETRICO EST-EL01"
}, {
	"PLAN": 10216,
	"REFNUMBER": "C50704413",
	"ORDERITEM": "CALL",
	"DESCRIPTION": "Manutencao Preventiva Quinzenal",
	"Start": "09.09.2020",
	"End": "12.09.2020",
	"FuncLoc": "RJ-B-ELV-EST-EL01",
	"FuncLocDescription": "ELEVADOR ELETRICO EST-EL01"
}, {
	"PLAN": 10216,
	"REFNUMBER": "C50704413",
	"ORDERITEM": "CALL",
	"DESCRIPTION": "Manutencao Preventiva Quinzenal",
	"Start": "24.09.2020",
	"End": "27.09.2020",
	"FuncLoc": "RJ-B-ELV-EST-EL01",
	"FuncLocDescription": "ELEVADOR ELETRICO EST-EL01"
}, {
	"PLAN": 10216,
	"REFNUMBER": "C50704413",
	"ORDERITEM": "CALL",
	"DESCRIPTION": "Manutencao Preventiva Quinzenal",
	"Start": "09.10.2020",
	"End": "12.10.2020",
	"FuncLoc": "RJ-B-ELV-EST-EL01",
	"FuncLocDescription": "ELEVADOR ELETRICO EST-EL01"
}, {
	"PLAN": 10216,
	"REFNUMBER": "C50704413",
	"ORDERITEM": "CALL",
	"DESCRIPTION": "Manutencao Preventiva Quinzenal",
	"Start": "24.10.2020",
	"End": "27.10.2020",
	"FuncLoc": "RJ-B-ELV-EST-EL01",
	"FuncLocDescription": "ELEVADOR ELETRICO EST-EL01"
}, {
	"PLAN": 10216,
	"REFNUMBER": "C50704413",
	"ORDERITEM": "CALL",
	"DESCRIPTION": "Manutencao Preventiva Quinzenal",
	"Start": "09.11.2020",
	"End": "12.11.2020",
	"FuncLoc": "RJ-B-ELV-EST-EL01",
	"FuncLocDescription": "ELEVADOR ELETRICO EST-EL01"
}, {
	"PLAN": 10216,
	"REFNUMBER": "C50704413",
	"ORDERITEM": "CALL",
	"DESCRIPTION": "Manutencao Preventiva Quinzenal",
	"Start": "24.11.2020",
	"End": "27.11.2020",
	"FuncLoc": "RJ-B-ELV-EST-EL01",
	"FuncLocDescription": "ELEVADOR ELETRICO EST-EL01"
}, {
	"PLAN": 10216,
	"REFNUMBER": "C50704413",
	"ORDERITEM": "CALL",
	"DESCRIPTION": "Manutencao Preventiva Quinzenal",
	"Start": "09.12.2020",
	"End": "12.12.2020",
	"FuncLoc": "RJ-B-ELV-EST-EL01",
	"FuncLocDescription": "ELEVADOR ELETRICO EST-EL01"
}, {
	"PLAN": 10216,
	"REFNUMBER": "C50704413",
	"ORDERITEM": "CALL",
	"DESCRIPTION": "Manutencao Preventiva Quinzenal",
	"Start": "24.12.2020",
	"End": "27.12.2020",
	"FuncLoc": "RJ-B-ELV-EST-EL01",
	"FuncLocDescription": "ELEVADOR ELETRICO EST-EL01"
}, {
	"PLAN": 10216,
	"REFNUMBER": "C50704413",
	"ORDERITEM": "CALL",
	"DESCRIPTION": "Manutencao Preventiva Quinzenal",
	"Start": "09.01.2021",
	"End": "12.01.2021",
	"FuncLoc": "RJ-B-ELV-EST-EL01",
	"FuncLocDescription": "ELEVADOR ELETRICO EST-EL01"
}, {
	"PLAN": 10216,
	"REFNUMBER": "C50704413",
	"ORDERITEM": "CALL",
	"DESCRIPTION": "Manutencao Preventiva Quinzenal",
	"Start": "24.01.2021",
	"End": "27.01.2021",
	"FuncLoc": "RJ-B-ELV-EST-EL01",
	"FuncLocDescription": "ELEVADOR ELETRICO EST-EL01"
}, {
	"PLAN": 10216,
	"REFNUMBER": "C50704413",
	"ORDERITEM": "CALL",
	"DESCRIPTION": "Manutencao Preventiva Quinzenal",
	"Start": "09.02.2021",
	"End": "12.02.2021",
	"FuncLoc": "RJ-B-ELV-EST-EL01",
	"FuncLocDescription": "ELEVADOR ELETRICO EST-EL01"
}, {
	"PLAN": 10216,
	"REFNUMBER": "C50704413",
	"ORDERITEM": "CALL",
	"DESCRIPTION": "Manutencao Preventiva Quinzenal",
	"Start": "24.02.2021",
	"End": "27.02.2021",
	"FuncLoc": "RJ-B-ELV-EST-EL01",
	"FuncLocDescription": "ELEVADOR ELETRICO EST-EL01"
}, {
	"PLAN": 10216,
	"REFNUMBER": "C50704413",
	"ORDERITEM": "CALL",
	"DESCRIPTION": "Manutencao Preventiva Quinzenal",
	"Start": "09.03.2021",
	"End": "12.03.2021",
	"FuncLoc": "RJ-B-ELV-EST-EL01",
	"FuncLocDescription": "ELEVADOR ELETRICO EST-EL01"
}, {
	"PLAN": 10216,
	"REFNUMBER": "C50704413",
	"ORDERITEM": "CALL",
	"DESCRIPTION": "Manutencao Preventiva Quinzenal",
	"Start": "24.03.2021",
	"End": "27.03.2021",
	"FuncLoc": "RJ-B-ELV-EST-EL01",
	"FuncLocDescription": "ELEVADOR ELETRICO EST-EL01"
}, {
	"PLAN": 10216,
	"REFNUMBER": "C50704413",
	"ORDERITEM": "CALL",
	"DESCRIPTION": "Manutencao Preventiva Quinzenal",
	"Start": "09.04.2021",
	"End": "12.04.2021",
	"FuncLoc": "RJ-B-ELV-EST-EL01",
	"FuncLocDescription": "ELEVADOR ELETRICO EST-EL01"
}, {
	"PLAN": 10216,
	"REFNUMBER": "C50704413",
	"ORDERITEM": "CALL",
	"DESCRIPTION": "Manutencao Preventiva Quinzenal",
	"Start": "24.04.2021",
	"End": "27.04.2021",
	"FuncLoc": "RJ-B-ELV-EST-EL01",
	"FuncLocDescription": "ELEVADOR ELETRICO EST-EL01"
}, {
	"PLAN": 10216,
	"REFNUMBER": "C50704413",
	"ORDERITEM": "CALL",
	"DESCRIPTION": "Manutencao Preventiva Quinzenal",
	"Start": "09.05.2021",
	"End": "12.05.2021",
	"FuncLoc": "RJ-B-ELV-EST-EL01",
	"FuncLocDescription": "ELEVADOR ELETRICO EST-EL01"
}, {
	"PLAN": 10216,
	"REFNUMBER": "C50704413",
	"ORDERITEM": "CALL",
	"DESCRIPTION": "Manutencao Preventiva Quinzenal",
	"Start": "24.05.2021",
	"End": "27.05.2021",
	"FuncLoc": "RJ-B-ELV-EST-EL01",
	"FuncLocDescription": "ELEVADOR ELETRICO EST-EL01"
}, {
	"PLAN": 10216,
	"REFNUMBER": "C50704413",
	"ORDERITEM": "CALL",
	"DESCRIPTION": "Manutencao Preventiva Quinzenal",
	"Start": "09.06.2021",
	"End": "12.06.2021",
	"FuncLoc": "RJ-B-ELV-EST-EL01",
	"FuncLocDescription": "ELEVADOR ELETRICO EST-EL01"
}, {
	"PLAN": 10216,
	"REFNUMBER": "C50704413",
	"ORDERITEM": "CALL",
	"DESCRIPTION": "Manutencao Preventiva Quinzenal",
	"Start": "24.06.2021",
	"End": "27.06.2021",
	"FuncLoc": "RJ-B-ELV-EST-EL01",
	"FuncLocDescription": "ELEVADOR ELETRICO EST-EL01"
}, {
	"PLAN": 10216,
	"REFNUMBER": "C50704413",
	"ORDERITEM": "CALL",
	"DESCRIPTION": "Manutencao Preventiva Quinzenal",
	"Start": "09.07.2021",
	"End": "12.07.2021",
	"FuncLoc": "RJ-B-ELV-EST-EL01",
	"FuncLocDescription": "ELEVADOR ELETRICO EST-EL01"
}, {
	"PLAN": 10216,
	"REFNUMBER": "C50704413",
	"ORDERITEM": "CALL",
	"DESCRIPTION": "Manutencao Preventiva Quinzenal",
	"Start": "24.07.2021",
	"End": "27.07.2021",
	"FuncLoc": "RJ-B-ELV-EST-EL01",
	"FuncLocDescription": "ELEVADOR ELETRICO EST-EL01"
}, {
	"PLAN": 10216,
	"REFNUMBER": "C50704413",
	"ORDERITEM": "CALL",
	"DESCRIPTION": "Manutencao Preventiva Quinzenal",
	"Start": "09.08.2021",
	"End": "12.08.2021",
	"FuncLoc": "RJ-B-ELV-EST-EL01",
	"FuncLocDescription": "ELEVADOR ELETRICO EST-EL01"
}, {
	"PLAN": 10216,
	"REFNUMBER": "C50704413",
	"ORDERITEM": "CALL",
	"DESCRIPTION": "Manutencao Preventiva Quinzenal",
	"Start": "24.08.2021",
	"End": "27.08.2021",
	"FuncLoc": "RJ-B-ELV-EST-EL01",
	"FuncLocDescription": "ELEVADOR ELETRICO EST-EL01"
}, {
	"PLAN": 10217,
	"REFNUMBER": "C50705604",
	"ORDERITEM": "CALL",
	"DESCRIPTION": "Manutencao Preventiva Semanal",
	"Start": "08.06.2020",
	"End": "11.06.2020",
	"FuncLoc": "RJ-B-ELV-EST-EL02",
	"FuncLocDescription": "ELEVADOR ELETRICO EST-EL02"
}, {
	"PLAN": 10218,
	"REFNUMBER": "C50707977",
	"ORDERITEM": "CALL",
	"DESCRIPTION": "Manutencao Preventiva Anual",
	"Start": "10.07.2020",
	"End": "20.07.2020",
	"FuncLoc": "RJ-B-ELV-EST-EL03",
	"FuncLocDescription": "ELEVADOR ELETRICO EST-EL03"
}, {
	"PLAN": 10219,
	"REFNUMBER": "C50707978",
	"ORDERITEM": "CALL",
	"DESCRIPTION": "Manutencao Preventiva Anual",
	"Start": "25.08.2020",
	"End": "05.09.2020",
	"FuncLoc": "RJ-B-ELV-EST-EL04",
	"FuncLocDescription": "ELEVADOR ELETRICO EST-EL04"
}, {
	"PLAN": 10220,
	"REFNUMBER": "C50707995",
	"ORDERITEM": "CALL",
	"DESCRIPTION": "Manutencao Preventiva Semestral",
	"Start": "03.06.2020",
	"End": "08.06.2020",
	"FuncLoc": "RJ-B-ELV-EST-EL05",
	"FuncLocDescription": "ELEVADOR ELETRICO EST-EL05"
}, {
	"PLAN": 10221,
	"REFNUMBER": "C50708019",
	"ORDERITEM": "C50708019",
	"DESCRIPTION": "Manutencao Preventiva Semestral",
	"Start": "14.05.2020",
	"End": "19.05.2020",
	"FuncLoc": "RJ-B-ELV-PAV-EL02",
	"FuncLocDescription": "ELEVADOR ELETRICO PAV-EL02"
}, {
	"PLAN": 10222,
	"REFNUMBER": "C50708025",
	"ORDERITEM": "CALL",
	"DESCRIPTION": "Manutencao Preventiva Semestral",
	"Start": "05.08.2020",
	"End": "10.08.2020",
	"FuncLoc": "RJ-B-ELV-PAV-EL03",
	"FuncLocDescription": "ELEVADOR ELETRICO PAV-EL03"
}, {
	"PLAN": 10223,
	"REFNUMBER": "C50708026",
	"ORDERITEM": "CALL",
	"DESCRIPTION": "Manutencao Preventiva Semestral",
	"Start": "12.09.2020",
	"End": "17.09.2020",
	"FuncLoc": "RJ-B-ELV-PAV-EL04",
	"FuncLocDescription": "ELEVADOR ELETRICO PAV-EL04"
}, {
	"PLAN": 10224,
	"REFNUMBER": "C50708027",
	"ORDERITEM": "CALL",
	"DESCRIPTION": "Manutencao Preventiva Semestral",
	"Start": "02.12.2020",
	"End": "07.12.2020",
	"FuncLoc": "RJ-B-ELV-PAV-EL05",
	"FuncLocDescription": "ELEVADOR ELETRICO PAV-EL05"
}, {
	"PLAN": 10225,
	"REFNUMBER": "C50708029",
	"ORDERITEM": "CALL",
	"DESCRIPTION": "Manutencao Preventiva Semestral",
	"Start": "27.06.2020",
	"End": "02.07.2020",
	"FuncLoc": "RJ-B-GGD-EST",
	"FuncLocDescription": "AREA DE ACESSO ESTACIO"
}, {
	"PLAN": 10226,
	"REFNUMBER": "C50708031",
	"ORDERITEM": "CALL",
	"DESCRIPTION": "Manutencao Preventiva Semestral",
	"Start": "17.08.2020",
	"End": "22.08.2020",
	"FuncLoc": "RJ-B-GGD-PAV",
	"FuncLocDescription": "AREA DE ACESSO PAVUNA"
}, {
	"PLAN": 10227,
	"REFNUMBER": "C50708032",
	"ORDERITEM": "C50708032",
	"DESCRIPTION": "Manutencao Preventiva Semestral",
	"Start": "24.05.2020",
	"End": "29.05.2020",
	"FuncLoc": "RJ-B-PSD-EST-PDM",
	"FuncLocDescription": "PORTA 7 - PORTA DESLIZANTE"
}, {
	"PLAN": 10228,
	"REFNUMBER": "C50708037",
	"ORDERITEM": "C50708037",
	"DESCRIPTION": "Manutencao Preventiva Anual",
	"Start": "12.05.2020",
	"End": "22.05.2020",
	"FuncLoc": "RJ-B-SCA-PAV",
	"FuncLocDescription": "ESTACAO PAVUNA"
}, {
	"PLAN": 10229,
	"REFNUMBER": "C50708039",
	"ORDERITEM": "CALL",
	"DESCRIPTION": "Manutencao Preventiva Semestral",
	"Start": "04.12.2020",
	"End": "09.12.2020",
	"FuncLoc": "RJ-B-SCA-VCX",
	"FuncLocDescription": "PVSE CENTRAL"
}, {
	"PLAN": 10230,
	"REFNUMBER": "C50708044",
	"ORDERITEM": "CALL",
	"DESCRIPTION": "Manutencao Preventiva Semestral",
	"Start": "21.12.2020",
	"End": "26.12.2020",
	"FuncLoc": "RJ-B-VST-PAV",
	"FuncLocDescription": "ESTACAO RIO PAVUNA"
}, {
	"PLAN": 10231,
	"REFNUMBER": "C50708045",
	"ORDERITEM": "C50708045",
	"DESCRIPTION": "Manutencao Preventiva Semestral",
	"Start": "05.05.2020",
	"End": "10.05.2020",
	"FuncLoc": "RJ-C-CIV-CEN-HIDRO",
	"FuncLocDescription": "HIDROMETRO PRINCIPAL"
}, {
	"PLAN": 10232,
	"REFNUMBER": "C50708046",
	"ORDERITEM": "CALL",
	"DESCRIPTION": "Manutencao Preventiva Anual",
	"Start": "07.09.2020",
	"End": "17.09.2020",
	"FuncLoc": "RJ-C-CIV-PAV-HIDRO",
	"FuncLocDescription": "HIDROMETRO PRINCIPAL"
}, {
	"PLAN": 10233,
	"REFNUMBER": "C50708050",
	"ORDERITEM": "CALL",
	"DESCRIPTION": "Manutencao Preventiva Semestral",
	"Start": "28.09.2020",
	"End": "03.10.2020",
	"FuncLoc": "RJ-ETA-EST",
	"FuncLocDescription": "ESTACAO ESTACIO"
}, {
	"PLAN": 10234,
	"REFNUMBER": "C50708051",
	"ORDERITEM": "C50708051",
	"DESCRIPTION": "Manutencao Preventiva Semestral",
	"Start": "03.05.2020",
	"End": "08.05.2020",
	"FuncLoc": "RJ-ETA-EST",
	"FuncLocDescription": "ESTACAO ESTACIO"
}, {
	"PLAN": 10235,
	"REFNUMBER": "C50708054",
	"ORDERITEM": "CALL",
	"DESCRIPTION": "Manutencao Preventiva Semestral",
	"Start": "16.07.2020",
	"End": "21.07.2020",
	"FuncLoc": "RJ-ETA-PAV",
	"FuncLocDescription": "ESTACAO PAVUNA"
}, {
	"PLAN": 10236,
	"REFNUMBER": "C50708062",
	"ORDERITEM": "CALL",
	"DESCRIPTION": "Manutencao Preventiva Semestral",
	"Start": "01.11.2020",
	"End": "06.11.2020",
	"FuncLoc": "RJ-ETA-PAV",
	"FuncLocDescription": "ESTACAO PAVUNA"
}, {
	"PLAN": 10237,
	"REFNUMBER": "C50708065",
	"ORDERITEM": "CALL",
	"DESCRIPTION": "Manutencao Preventiva Semestral",
	"Start": "10.07.2020",
	"End": "15.07.2020",
	"FuncLoc": "RJ-FEP-ECH-PAV",
	"FuncLocDescription": "ECH DE PAVUNA"
}, {
	"PLAN": 10238,
	"REFNUMBER": "C50708066",
	"ORDERITEM": "CALL",
	"DESCRIPTION": "Manutencao Preventiva Semestral",
	"Start": "19.11.2020",
	"End": "24.11.2020",
	"FuncLoc": "RJ-PCO-EST",
	"FuncLocDescription": "PONTOS COMERCIAIS DE ESTACIO"
}, {
	"PLAN": 10239,
	"REFNUMBER": "C50708462",
	"ORDERITEM": "CALL",
	"DESCRIPTION": "Manutencao Preventiva Trimestral",
	"Start": "28.11.2020",
	"End": "05.12.2020",
	"FuncLoc": "RJ-SEG-CAT",
	"FuncLocDescription": "PRIMARIA TRES PODERES"
}, {
	"PLAN": 10239,
	"REFNUMBER": "C50708462",
	"ORDERITEM": "CALL",
	"DESCRIPTION": "Manutencao Preventiva Trimestral",
	"Start": "06.10.2020",
	"End": "13.10.2020",
	"FuncLoc": "RJ-SEG-CAT",
	"FuncLocDescription": "PRIMARIA TRES PODERES"
}, {
	"PLAN": 10239,
	"REFNUMBER": "C50708462",
	"ORDERITEM": "CALL",
	"DESCRIPTION": "Manutencao Preventiva Trimestral",
	"Start": "07.01.2021",
	"End": "14.01.2021",
	"FuncLoc": "RJ-SEG-CAT",
	"FuncLocDescription": "PRIMARIA TRES PODERES"
}, {
	"PLAN": 10239,
	"REFNUMBER": "C50708462",
	"ORDERITEM": "CALL",
	"DESCRIPTION": "Manutencao Preventiva Trimestral",
	"Start": "06.04.2021",
	"End": "13.04.2021",
	"FuncLoc": "RJ-SEG-CAT",
	"FuncLocDescription": "PRIMARIA TRES PODERES"
}, {
	"PLAN": 10239,
	"REFNUMBER": "C50708462",
	"ORDERITEM": "CALL",
	"DESCRIPTION": "Manutencao Preventiva Trimestral",
	"Start": "07.07.2021",
	"End": "14.07.2021",
	"FuncLoc": "RJ-SEG-CAT",
	"FuncLocDescription": "PRIMARIA TRES PODERES"
}, {
	"PLAN": 10240,
	"REFNUMBER": "C50708466",
	"ORDERITEM": "C50708466",
	"DESCRIPTION": "Manutencao Preventiva Anual",
	"Start": "20.05.2020",
	"End": "30.05.2020",
	"FuncLoc": "RJ-SEG-YVB",
	"FuncLocDescription": "PRIMARIA GLORIA"
}]