[
  {
    "RowLabels": "RJ-B-ARC-CEN",
    "Sum of Stock Material": "15,186.00",
    "Sum of Ext. Material": "13,051.00",
    "Sum of Labor": "260.00",
    "Sum of Services": "0.00",
    "Sum of Oth": "321.00",
    "TOTAL": "28818.00"
  },
  {
    "RowLabels": "RJ-B-ARC-EST",
    "Sum of Stock Material": "6,322.00",
    "Sum of Ext. Material": "839,874.00",
    "Sum of Labor": "60.00",
    "Sum of Services": "4,857.79",
    "Sum of Oth": "56.00",
    "TOTAL": "851169.79"
  },
  {
    "RowLabels": "RJ-B-ARC-EST-SI02",
    "Sum of Stock Material": "751.00",
    "Sum of Ext. Material": "245.00",
    "Sum of Labor": "80.00",
    "Sum of Services": "0.00",
    "Sum of Oth": "183.00",
    "TOTAL": "1259.00"
  },
  {
    "RowLabels": "RJ-B-ARC-PAV",
    "Sum of Stock Material": "16,585.00",
    "Sum of Ext. Material": "7,344.00",
    "Sum of Labor": "1,170.00",
    "Sum of Services": "0.00",
    "Sum of Oth": "275.00",
    "TOTAL": "25374.00"
  },
  {
    "RowLabels": "RJ-B-ARC-PAV-SI02",
    "Sum of Stock Material": "16,588.00",
    "Sum of Ext. Material": "8,427.00",
    "Sum of Labor": "650.00",
    "Sum of Services": "0.00",
    "Sum of Oth": "270.00",
    "TOTAL": "25935.00"
  },
  {
    "RowLabels": "RJ-B-BOM-EST",
    "Sum of Stock Material": "16,979.00",
    "Sum of Ext. Material": "11,495.00",
    "Sum of Labor": "100.00",
    "Sum of Services": "0.00",
    "Sum of Oth": "123.00",
    "TOTAL": "28697.00"
  },
  {
    "RowLabels": "RJ-B-BOM-PAV",
    "Sum of Stock Material": "16,033.00",
    "Sum of Ext. Material": "16,326.00",
    "Sum of Labor": "60.00",
    "Sum of Services": "0.00",
    "Sum of Oth": "360.00",
    "TOTAL": "32779.00"
  },
  {
    "RowLabels": "RJ-B-CAP-EST",
    "Sum of Stock Material": "75,016.00",
    "Sum of Ext. Material": "2,376,535.00",
    "Sum of Labor": "910.00",
    "Sum of Services": "0.00",
    "Sum of Oth": "1,069.00",
    "TOTAL": "2453530.00"
  },
  {
    "RowLabels": "RJ-B-CAP-PAV",
    "Sum of Stock Material": "51,131.00",
    "Sum of Ext. Material": "36,311.00",
    "Sum of Labor": "1,170.00",
    "Sum of Services": "0.00",
    "Sum of Oth": "370.00",
    "TOTAL": "88982.00"
  },
  {
    "RowLabels": "RJ-B-CAP-PAV-LBLQ-BL20",
    "Sum of Stock Material": "952.00",
    "Sum of Ext. Material": "62.00",
    "Sum of Labor": "50.00",
    "Sum of Services": "0.00",
    "Sum of Oth": "213.00",
    "TOTAL": "1277.00"
  },
  {
    "RowLabels": "RJ-B-CAP-PAV-RCK1",
    "Sum of Stock Material": "17,222.00",
    "Sum of Ext. Material": "18,845.00",
    "Sum of Labor": "60.00",
    "Sum of Services": "0.00",
    "Sum of Oth": "0.00",
    "TOTAL": "36127.00"
  },
  {
    "RowLabels": "RJ-B-ECR-EST-ER01",
    "Sum of Stock Material": "18,465.00",
    "Sum of Ext. Material": "12,143.00",
    "Sum of Labor": "60.00",
    "Sum of Services": "0.00",
    "Sum of Oth": "5.00",
    "TOTAL": "30673.00"
  }
]