{
	"2020Table": [{
		"Week": 14,
		"PAVU01": "0",
		"CENT01": "0",
		"ESTA01": "44",
		"GLOR01": "38",
		"CATE01": "25",
		"SCON01": "50"
	}, {
		"Week": 15,
		"PAVU01": "19",
		"CENT01": "0",
		"ESTA01": "13",
		"GLOR01": "0",
		"CATE01": "25",
		"SCON01": "25"
	}, {
		"Week": 16,
		"PAVU01": "13",
		"CENT01": "0",
		"ESTA01": "0",
		"GLOR01": "0",
		"CATE01": "25",
		"SCON01": "0"
	}, {
		"Week": 17,
		"PAVU01": "25",
		"CENT01": "0",
		"ESTA01": "0",
		"GLOR01": "113",
		"CATE01": "25",
		"SCON01": "0"
	}, {
		"Week": 18,
		"PAVU01": "56",
		"CENT01": "0",
		"ESTA01": "19",
		"GLOR01": "25",
		"CATE01": "50",
		"SCON01": "0"
	}, {
		"Week": 19,
		"PAVU01": "0",
		"CENT01": "0",
		"ESTA01": "38",
		"GLOR01": "88",
		"CATE01": "25",
		"SCON01": "88"
	}, {
		"Week": 20,
		"PAVU01": "0",
		"CENT01": "38",
		"ESTA01": "13",
		"GLOR01": "0",
		"CATE01": "25",
		"SCON01": "0"
	}, {
		"Week": 21,
		"PAVU01": "0",
		"CENT01": "163",
		"ESTA01": "0",
		"GLOR01": "0",
		"CATE01": "25",
		"SCON01": "0"
	}, {
		"Week": 22,
		"PAVU01": "0",
		"CENT01": "0",
		"ESTA01": "13",
		"GLOR01": "0",
		"CATE01": "25",
		"SCON01": "0"
	}, {
		"Week": 23,
		"PAVU01": "19",
		"CENT01": "0",
		"ESTA01": "13",
		"GLOR01": "38",
		"CATE01": "50",
		"SCON01": "63"
	}, {
		"Week": 24,
		"PAVU01": "0",
		"CENT01": "0",
		"ESTA01": "0",
		"GLOR01": "0",
		"CATE01": "50",
		"SCON01": "0"
	}, {
		"Week": 25,
		"PAVU01": "50",
		"CENT01": "0",
		"ESTA01": "13",
		"GLOR01": "0",
		"CATE01": "88",
		"SCON01": "50"
	}, {
		"Week": 26,
		"PAVU01": "0",
		"CENT01": "0",
		"ESTA01": "31",
		"GLOR01": "75",
		"CATE01": "25",
		"SCON01": "0"
	}, {
		"Week": 27,
		"PAVU01": "0",
		"CENT01": "38",
		"ESTA01": "44",
		"GLOR01": "0",
		"CATE01": "25",
		"SCON01": "0"
	}, {
		"Week": 28,
		"PAVU01": "25",
		"CENT01": "25",
		"ESTA01": "44",
		"GLOR01": "50",
		"CATE01": "25",
		"SCON01": "38"
	}, {
		"Week": 29,
		"PAVU01": "0",
		"CENT01": "0",
		"ESTA01": "31",
		"GLOR01": "0",
		"CATE01": "25",
		"SCON01": "0"
	}, {
		"Week": 30,
		"PAVU01": "0",
		"CENT01": "0",
		"ESTA01": "13",
		"GLOR01": "0",
		"CATE01": "25",
		"SCON01": "0"
	}, {
		"Week": 31,
		"PAVU01": "44",
		"CENT01": "75",
		"ESTA01": "0",
		"GLOR01": "225",
		"CATE01": "25",
		"SCON01": "0"
	}, {
		"Week": 32,
		"PAVU01": "0",
		"CENT01": "63",
		"ESTA01": "13",
		"GLOR01": "63",
		"CATE01": "25",
		"SCON01": "0"
	}, {
		"Week": 33,
		"PAVU01": "0",
		"CENT01": "0",
		"ESTA01": "38",
		"GLOR01": "0",
		"CATE01": "25",
		"SCON01": "0"
	}, {
		"Week": 34,
		"PAVU01": "0",
		"CENT01": "0",
		"ESTA01": "25",
		"GLOR01": "50",
		"CATE01": "125",
		"SCON01": "63"
	}, {
		"Week": 35,
		"PAVU01": "38",
		"CENT01": "38",
		"ESTA01": "38",
		"GLOR01": "25",
		"CATE01": "25",
		"SCON01": "0"
	}, {
		"Week": 36,
		"PAVU01": "38",
		"CENT01": "0",
		"ESTA01": "0",
		"GLOR01": "0",
		"CATE01": "100",
		"SCON01": "0"
	}, {
		"Week": 37,
		"PAVU01": "0",
		"CENT01": "0",
		"ESTA01": "25",
		"GLOR01": "100",
		"CATE01": "25",
		"SCON01": "0"
	}, {
		"Week": 38,
		"PAVU01": "150",
		"CENT01": "113",
		"ESTA01": "19",
		"GLOR01": "0",
		"CATE01": "50",
		"SCON01": "38"
	}, {
		"Week": 39,
		"PAVU01": "0",
		"CENT01": "100",
		"ESTA01": "13",
		"GLOR01": "113",
		"CATE01": "25",
		"SCON01": "0"
	}, {
		"Week": 40,
		"PAVU01": "0",
		"CENT01": "113",
		"ESTA01": "69",
		"GLOR01": "25",
		"CATE01": "25",
		"SCON01": "0"
	}, {
		"Week": 41,
		"PAVU01": "69",
		"CENT01": "50",
		"ESTA01": "125",
		"GLOR01": "0",
		"CATE01": "25",
		"SCON01": "25"
	}, {
		"Week": 42,
		"PAVU01": "0",
		"CENT01": "0",
		"ESTA01": "50",
		"GLOR01": "0",
		"CATE01": "25",
		"SCON01": "38"
	}, {
		"Week": 43,
		"PAVU01": "0",
		"CENT01": "0",
		"ESTA01": "25",
		"GLOR01": "0",
		"CATE01": "25",
		"SCON01": "0"
	}, {
		"Week": 44,
		"PAVU01": "0",
		"CENT01": "0",
		"ESTA01": "0",
		"GLOR01": "0",
		"CATE01": "25",
		"SCON01": "0"
	}, {
		"Week": 45,
		"PAVU01": "0",
		"CENT01": "0",
		"ESTA01": "75",
		"GLOR01": "63",
		"CATE01": "25",
		"SCON01": "0"
	}, {
		"Week": 46,
		"PAVU01": "50",
		"CENT01": "0",
		"ESTA01": "13",
		"GLOR01": "0",
		"CATE01": "25",
		"SCON01": "0"
	}, {
		"Week": 47,
		"PAVU01": "19",
		"CENT01": "0",
		"ESTA01": "88",
		"GLOR01": "38",
		"CATE01": "25",
		"SCON01": "38"
	}, {
		"Week": 48,
		"PAVU01": "0",
		"CENT01": "0",
		"ESTA01": "106",
		"GLOR01": "38",
		"CATE01": "25",
		"SCON01": "0"
	}, {
		"Week": 49,
		"PAVU01": "0",
		"CENT01": "0",
		"ESTA01": "81",
		"GLOR01": "0",
		"CATE01": "25",
		"SCON01": "0"
	}, {
		"Week": 50,
		"PAVU01": "0",
		"CENT01": "0",
		"ESTA01": "13",
		"GLOR01": "0",
		"CATE01": "25",
		"SCON01": "50"
	}, {
		"Week": 51,
		"PAVU01": "0",
		"CENT01": "0",
		"ESTA01": "31",
		"GLOR01": "25",
		"CATE01": "25",
		"SCON01": "63"
	}, {
		"Week": 52,
		"PAVU01": "0",
		"CENT01": "0",
		"ESTA01": "25",
		"GLOR01": "25",
		"CATE01": "63",
		"SCON01": "50"
	}, {
		"Week": 53,
		"PAVU01": "0",
		"CENT01": "0",
		"ESTA01": "31",
		"GLOR01": "0",
		"CATE01": "0",
		"SCON01": "0"
	}],
	"2021Table": [{
		"Week": 1,
		"PAVU01": "0",
		"CENT01": "0",
		"ESTA01": "19",
		"GLOR01": "0",
		"CATE01": "0",
		"SCON01": "0"
	}, {
		"Week": 2,
		"PAVU01": "0",
		"CENT01": "0",
		"ESTA01": "106",
		"GLOR01": "0",
		"CATE01": "25",
		"SCON01": "0"
	}, {
		"Week": 3,
		"PAVU01": "0",
		"CENT01": "0",
		"ESTA01": "38",
		"GLOR01": "0",
		"CATE01": "25",
		"SCON01": "125"
	}, {
		"Week": 4,
		"PAVU01": "50",
		"CENT01": "0",
		"ESTA01": "0",
		"GLOR01": "0",
		"CATE01": "25",
		"SCON01": "88"
	}, {
		"Week": 5,
		"PAVU01": "0",
		"CENT01": "0",
		"ESTA01": "13",
		"GLOR01": "0",
		"CATE01": "25",
		"SCON01": "0"
	}, {
		"Week": 6,
		"PAVU01": "0",
		"CENT01": "0",
		"ESTA01": "19",
		"GLOR01": "0",
		"CATE01": "25",
		"SCON01": "0"
	}, {
		"Week": 7,
		"PAVU01": "0",
		"CENT01": "0",
		"ESTA01": "13",
		"GLOR01": "0",
		"CATE01": "25",
		"SCON01": "125"
	}, {
		"Week": 8,
		"PAVU01": "0",
		"CENT01": "0",
		"ESTA01": "19",
		"GLOR01": "0",
		"CATE01": "25",
		"SCON01": "38"
	}, {
		"Week": 9,
		"PAVU01": "0",
		"CENT01": "0",
		"ESTA01": "13",
		"GLOR01": "0",
		"CATE01": "25",
		"SCON01": "50"
	}, {
		"Week": 10,
		"PAVU01": "0",
		"CENT01": "0",
		"ESTA01": "19",
		"GLOR01": "0",
		"CATE01": "25",
		"SCON01": "0"
	}, {
		"Week": 11,
		"PAVU01": "0",
		"CENT01": "0",
		"ESTA01": "25",
		"GLOR01": "0",
		"CATE01": "50",
		"SCON01": "125"
	}, {
		"Week": 12,
		"PAVU01": "0",
		"CENT01": "0",
		"ESTA01": "19",
		"GLOR01": "0",
		"CATE01": "25",
		"SCON01": "38"
	}, {
		"Week": 13,
		"PAVU01": "0",
		"CENT01": "0",
		"ESTA01": "13",
		"GLOR01": "0",
		"CATE01": "25",
		"SCON01": "50"
	}, {
		"Week": 14,
		"PAVU01": "0",
		"CENT01": "0",
		"ESTA01": "19",
		"GLOR01": "0",
		"CATE01": "25",
		"SCON01": "0"
	}, {
		"Week": 15,
		"PAVU01": "0",
		"CENT01": "0",
		"ESTA01": "106",
		"GLOR01": "0",
		"CATE01": "25",
		"SCON01": "0"
	}, {
		"Week": 16,
		"PAVU01": "0",
		"CENT01": "0",
		"ESTA01": "38",
		"GLOR01": "0",
		"CATE01": "25",
		"SCON01": "138"
	}, {
		"Week": 17,
		"PAVU01": "0",
		"CENT01": "0",
		"ESTA01": "13",
		"GLOR01": "0",
		"CATE01": "100",
		"SCON01": "50"
	}, {
		"Week": 18,
		"PAVU01": "0",
		"CENT01": "0",
		"ESTA01": "19",
		"GLOR01": "0",
		"CATE01": "0",
		"SCON01": "0"
	}, {
		"Week": 20,
		"PAVU01": "0",
		"CENT01": "0",
		"ESTA01": "13",
		"GLOR01": "0",
		"CATE01": "0",
		"SCON01": "100"
	}, {
		"Week": 21,
		"PAVU01": "0",
		"CENT01": "0",
		"ESTA01": "19",
		"GLOR01": "0",
		"CATE01": "0",
		"SCON01": "88"
	}, {
		"Week": 22,
		"PAVU01": "0",
		"CENT01": "0",
		"ESTA01": "13",
		"GLOR01": "0",
		"CATE01": "0",
		"SCON01": "0"
	}, {
		"Week": 23,
		"PAVU01": "0",
		"CENT01": "0",
		"ESTA01": "19",
		"GLOR01": "0",
		"CATE01": "0",
		"SCON01": "0"
	}, {
		"Week": 24,
		"PAVU01": "0",
		"CENT01": "0",
		"ESTA01": "25",
		"GLOR01": "0",
		"CATE01": "0",
		"SCON01": "100"
	}, {
		"Week": 25,
		"PAVU01": "0",
		"CENT01": "0",
		"ESTA01": "19",
		"GLOR01": "0",
		"CATE01": "0",
		"SCON01": "38"
	}, {
		"Week": 26,
		"PAVU01": "0",
		"CENT01": "0",
		"ESTA01": "13",
		"GLOR01": "0",
		"CATE01": "0",
		"SCON01": "50"
	}, {
		"Week": 27,
		"PAVU01": "0",
		"CENT01": "0",
		"ESTA01": "19",
		"GLOR01": "0",
		"CATE01": "0",
		"SCON01": "0"
	}, {
		"Week": 28,
		"PAVU01": "0",
		"CENT01": "0",
		"ESTA01": "63",
		"GLOR01": "0",
		"CATE01": "0",
		"SCON01": "0"
	}, {
		"Week": 29,
		"PAVU01": "0",
		"CENT01": "0",
		"ESTA01": "38",
		"GLOR01": "0",
		"CATE01": "0",
		"SCON01": "138"
	}, {
		"Week": 30,
		"PAVU01": "50",
		"CENT01": "0",
		"ESTA01": "13",
		"GLOR01": "0",
		"CATE01": "0",
		"SCON01": "50"
	}, {
		"Week": 32,
		"PAVU01": "0",
		"CENT01": "0",
		"ESTA01": "19",
		"GLOR01": "0",
		"CATE01": "0",
		"SCON01": "0"
	}, {
		"Week": 33,
		"PAVU01": "0",
		"CENT01": "0",
		"ESTA01": "13",
		"GLOR01": "0",
		"CATE01": "0",
		"SCON01": "100"
	}, {
		"Week": 34,
		"PAVU01": "0",
		"CENT01": "0",
		"ESTA01": "19",
		"GLOR01": "0",
		"CATE01": "0",
		"SCON01": "50"
	}, {
		"Week": 35,
		"PAVU01": "0",
		"CENT01": "0",
		"ESTA01": "13",
		"GLOR01": "0",
		"CATE01": "0",
		"SCON01": "0"
	}, {
		"Week": 36,
		"PAVU01": "0",
		"CENT01": "0",
		"ESTA01": "19",
		"GLOR01": "0",
		"CATE01": "0",
		"SCON01": "0"
	}, {
		"Week": 38,
		"PAVU01": "0",
		"CENT01": "0",
		"ESTA01": "31",
		"GLOR01": "0",
		"CATE01": "0",
		"SCON01": "100"
	}, {
		"Week": 39,
		"PAVU01": "0",
		"CENT01": "0",
		"ESTA01": "0",
		"GLOR01": "0",
		"CATE01": "0",
		"SCON01": "50"
	}, {
		"Week": 42,
		"PAVU01": "0",
		"CENT01": "0",
		"ESTA01": "19",
		"GLOR01": "0",
		"CATE01": "0",
		"SCON01": "100"
	}, {
		"Week": 43,
		"PAVU01": "0",
		"CENT01": "0",
		"ESTA01": "0",
		"GLOR01": "0",
		"CATE01": "0",
		"SCON01": "50"
	}, {
		"Week": 46,
		"PAVU01": "0",
		"CENT01": "0",
		"ESTA01": "0",
		"GLOR01": "0",
		"CATE01": "0",
		"SCON01": "100"
	}, {
		"Week": 48,
		"PAVU01": "0",
		"CENT01": "0",
		"ESTA01": "0",
		"GLOR01": "0",
		"CATE01": "0",
		"SCON01": "50"
	}, {
		"Week": 51,
		"PAVU01": "0",
		"CENT01": "0",
		"ESTA01": "13",
		"GLOR01": "0",
		"CATE01": "0",
		"SCON01": "100"
	}, {
		"Week": 53,
		"PAVU01": "0",
		"CENT01": "0",
		"ESTA01": "0",
		"GLOR01": "0",
		"CATE01": "25",
		"SCON01": "0"
	}]
}