{
    "resources": [
        {
            "name": "controller/workCenter.json"
        },
        {
            "name": "controller/lineChart.json"
        },
        {
            "name": "controller/ganttData.json"
        },
        {
            "name": "controller/data.json"
        },
        {
            "name": "controller/costingDataChart.json"
        },
        {
            "name": "manifest.json"
        },
        {
            "name": "resources/sap-ui-version.json"
        },
        {
            "name": "i18n/i18n.properties",
            "raw": "i18n/i18n.properties"
        },
        {
            "name": "model/models.js"
        },
        {
            "name": "model/models-dbg.js",
            "isDebug": true
        },
        {
            "name": "model/formatter.js"
        },
        {
            "name": "model/formatter-dbg.js",
            "isDebug": true
        },
        {
            "name": "controller/InitPage.js"
        },
        {
            "name": "controller/InitPage-dbg.js",
            "isDebug": true
        },
        {
            "name": "controller/Gantt.controller.js"
        },
        {
            "name": "controller/Gantt-dbg.controller.js",
            "isDebug": true
        },
        {
            "name": "Component.js"
        },
        {
            "name": "manifest-bundle.zip"
        },
        {
            "name": "Component-preload.js",
            "merged": true
        },
        {
            "name": "model/models-dbg-dbg.js",
            "isDebug": true
        },
        {
            "name": "model/formatter-dbg-dbg.js",
            "isDebug": true
        },
        {
            "name": "controller/InitPage-dbg-dbg.js",
            "isDebug": true
        },
        {
            "name": "controller/Gantt-dbg-dbg.controller.js",
            "isDebug": true
        },
        {
            "name": "Component-dbg.js",
            "isDebug": true
        },
        {
            "name": "../../sap-ui-version.json"
        },
        {
            "name": "neo-app.json"
        },
        {
            "name": "di.code-validation.core_issues.json"
        },
        {
            "name": "view/ganttFragment.fragment.xml"
        },
        {
            "name": "view/Gantt.view.xml"
        },
        {
            "name": "css/style.css"
        },
        {
            "name": "index.html"
        },
        {
            "name": "extended_runnable_file.html"
        }
    ]
}