{
  "index.html": 1584545712000,
  "test/integration/pages/Gantt-dbg.js": 1584545712000,
  "controller/workCenter.json": 1584545712000,
  "controller/lineChart.json": 1584545712000,
  "controller/ganttData.json": 1584545712000,
  "controller/data.json": 1584545712000,
  "controller/costingDataChart.json": 1584545712000,
  "manifest.json": 1584552929893,
  "test/unit/controller/Gantt.controller.js": 1584545712000,
  "test/unit/controller/Gantt-dbg.controller.js": 1584545712000,
  "test/integration/pages/Gantt.js": 1584545712000,
  "resources/sap-ui-version.json": 1584545712000,
  "test/integration/arrangements/Startup.js": 1584545712000,
  "test/integration/arrangements/Startup-dbg.js": 1584545712000,
  "test/unit/unitTests.qunit.js": 1584545712000,
  "test/unit/unitTests.qunit-dbg.js": 1584545712000,
  "test/unit/AllTests.js": 1584545712000,
  "test/unit/AllTests-dbg.js": 1584545712000,
  "test/integration/opaTests.qunit.js": 1584545712000,
  "test/integration/opaTests.qunit-dbg.js": 1584545712000,
  "test/integration/NavigationJourney.js": 1584545712000,
  "test/integration/NavigationJourney-dbg.js": 1584545712000,
  "test/integration/AllJourneys.js": 1584545712000,
  "test/integration/AllJourneys-dbg.js": 1584545712000,
  "test/testsuite.qunit.js": 1584545712000,
  "test/testsuite.qunit-dbg.js": 1584545712000,
  "model/models.js": 1584545712000,
  "model/models-dbg.js": 1584545712000,
  "model/formatter.js": 1584545712000,
  "model/formatter-dbg.js": 1584545712000,
  "controller/InitPage.js": 1584545712000,
  "controller/InitPage-dbg.js": 1584545712000,
  "controller/Gantt.controller.js": 1584545712000,
  "controller/Gantt-dbg.controller.js": 1584545712000,
  "Component.js": 1584545712000,
  "manifest-bundle.zip": 1584552928422,
  "Component-preload.js": 1584552929549,
  "test/unit/controller/Gantt-dbg-dbg.controller.js": 1584545712000,
  "test/integration/pages/Gantt-dbg-dbg.js": 1584545712000,
  "test/integration/arrangements/Startup-dbg-dbg.js": 1584545712000,
  "test/unit/unitTests.qunit-dbg-dbg.js": 1584545712000,
  "test/unit/AllTests-dbg-dbg.js": 1584545712000,
  "test/integration/opaTests.qunit-dbg-dbg.js": 1584545712000,
  "test/integration/NavigationJourney-dbg-dbg.js": 1584545712000,
  "test/integration/AllJourneys-dbg-dbg.js": 1584545712000,
  "test/testsuite.qunit-dbg-dbg.js": 1584545712000,
  "model/models-dbg-dbg.js": 1584545712000,
  "model/formatter-dbg-dbg.js": 1584545712000,
  "controller/InitPage-dbg-dbg.js": 1584545712000,
  "controller/Gantt-dbg-dbg.controller.js": 1584545712000,
  "Component-dbg.js": 1584545712000,
  "neo-app.json": 1584552929873,
  "di.code-validation.core_issues.json": 1584552933027,
  "resources.json": 1584552933241,
  "test/unit/unitTests.qunit.html": 1584545712000,
  "test/integration/opaTests.qunit.html": 1584545712000,
  "view/ganttFragment.fragment.xml": 1584545712000,
  "view/Gantt.view.xml": 1584545712000,
  "test/testsuite.qunit.html": 1584545712000,
  "css/style.css": 1584545712000,
  "i18n/i18n.properties": 1584545712000,
  "extended_runnable_file.html": 1584545712000
}